fid,id,Description,Numéro,Nom,Alt,Image entrée,Historique,Pseudo,Continuation,Secteur,Profondeur,Développement,Courant d'air,coord_x,coord_y,ok,xcoord,ycoord,xcoord_2,ycoord_2
"1","8","<!DOCTYPE HTML PUBLIC ""-//W3C//DTD HTML 4.0//EN"" ""http://www.w3.org/TR/REC-html40/strict.dtd"">
<html><head><meta name=""qrichtext"" content=""1"" /><style type=""text/css"">
p, li { white-space: pre-wrap; }
</style></head><body style="" font-family:'.AppleSystemUIFont'; font-size:13pt; font-weight:400; font-style:normal;"">
<p style="" margin-top:0px; margin-bottom:0px; margin-left:0px; margin-right:0px; -qt-block-indent:0; text-indent:0px;"">Ouverture de 2.5x1, dans la faille bien visible depuis le col de Génépy.</p>
<p style="" margin-top:0px; margin-bottom:0px; margin-left:0px; margin-right:0px; -qt-block-indent:0; text-indent:0px;"">À 10m du rocher du Génépy.</p></body></html>",G1,Marbrimba 117,"2946",,"<!DOCTYPE HTML PUBLIC ""-//W3C//DTD HTML 4.0//EN"" ""http://www.w3.org/TR/REC-html40/strict.dtd"">
<html><head><meta name=""qrichtext"" content=""1"" /><style type=""text/css"">
p, li { white-space: pre-wrap; }
</style></head><body style="" font-family:'.AppleSystemUIFont'; font-size:13pt; font-weight:400; font-style:normal;"">
<p style="" margin-top:0px; margin-bottom:0px; margin-left:0px; margin-right:0px; -qt-block-indent:0; text-indent:0px;"">Découvert et exploré en octobre 2022</p></body></html>",Marbrimba,"Non, arrêt sur blocs ou étroiture imp","Génépy (G)
","-117","130",Soufflant - été,6.78555,45.377269,Oui,6.78555,45.377269,326617.14013717,5027246.95122038
"2","9","<!DOCTYPE HTML PUBLIC ""-//W3C//DTD HTML 4.0//EN"" ""http://www.w3.org/TR/REC-html40/strict.dtd"">
<html><head><meta name=""qrichtext"" content=""1"" /><style type=""text/css"">
p, li { white-space: pre-wrap; }
</style></head><body style="" font-family:'.AppleSystemUIFont'; font-size:13pt; font-weight:400; font-style:normal;"">
<p style="" margin-top:0px; margin-bottom:0px; margin-left:0px; margin-right:0px; -qt-block-indent:0; text-indent:0px;"">Trou bouché par la neige en octobre 2022</p></body></html>",G16,,"2808",,,Trou bouché par la neige,"Oui, bouchon de neige ou glace","Génépy (G)
",,,,6.780659,45.379445,Oui,6.780659,45.379445,326240.864171499,5027499.24235153
"3","10","<!DOCTYPE HTML PUBLIC ""-//W3C//DTD HTML 4.0//EN"" ""http://www.w3.org/TR/REC-html40/strict.dtd"">
<html><head><meta name=""qrichtext"" content=""1"" /><style type=""text/css"">
p, li { white-space: pre-wrap; }
</style></head><body style="" font-family:'.AppleSystemUIFont'; font-size:13pt; font-weight:400; font-style:normal;"">
<p style="" margin-top:0px; margin-bottom:0px; margin-left:0px; margin-right:0px; -qt-block-indent:0; text-indent:0px;"">Perte importante colmatée.</p></body></html>",G15,,"2733",../QGIS_Vanoise/images/entree/G15.jpg,,Perte colmatée,"Non, arrêt sur blocs ou remplissage","Génépy (G)
",,,,6.778896,45.38005,Oui,6.778896,45.38005,326104.689702978,5027570.26303793
"4","11","<!DOCTYPE HTML PUBLIC ""-//W3C//DTD HTML 4.0//EN"" ""http://www.w3.org/TR/REC-html40/strict.dtd"">
<html><head><meta name=""qrichtext"" content=""1"" /><style type=""text/css"">
p, li { white-space: pre-wrap; }
</style></head><body style="" font-family:'.AppleSystemUIFont'; font-size:13pt; font-weight:400; font-style:normal;"">
<p style="" margin-top:0px; margin-bottom:0px; margin-left:0px; margin-right:0px; -qt-block-indent:0; text-indent:0px;"">Gouffre de 4x2 arrêt sur méandre impénetrable</p></body></html>",G12,,"2733",../QGIS_Vanoise/images/entree/G12.jpg,,Gouffre de 4x2 meandre impenetrable,"Non, arrêt sur étroiture imp trop longue,  mais désob envisageable","Génépy (G)
",,,,6.778419,45.380598,Oui,6.778419,45.380598,326069.025545511,5027632.17349493
"5","12","<!DOCTYPE HTML PUBLIC ""-//W3C//DTD HTML 4.0//EN"" ""http://www.w3.org/TR/REC-html40/strict.dtd"">
<html><head><meta name=""qrichtext"" content=""1"" /><style type=""text/css"">
p, li { white-space: pre-wrap; }
</style></head><body style="" font-family:'.AppleSystemUIFont'; font-size:13pt; font-weight:400; font-style:normal;"">
<p style="" margin-top:0px; margin-bottom:0px; margin-left:0px; margin-right:0px; -qt-block-indent:0; text-indent:0px;"">Gouffre avec un bloc coincé sur l'entrée. <br />6m de profond, étroiture au fond.</p></body></html>",G11,,"2725",../QGIS_Vanoise/images/entree/G11.jpg,,Gfr bloc coincé étroiture,"Non, arrêt sur blocs ou étroiture imp","Génépy (G)
","-6",,,6.778317,45.380636,Oui,6.778317,45.380636,326061.156432153,5027636.61556922
"6","13","<!DOCTYPE HTML PUBLIC ""-//W3C//DTD HTML 4.0//EN"" ""http://www.w3.org/TR/REC-html40/strict.dtd"">
<html><head><meta name=""qrichtext"" content=""1"" /><style type=""text/css"">
p, li { white-space: pre-wrap; }
</style></head><body style="" font-family:'.AppleSystemUIFont'; font-size:13pt; font-weight:400; font-style:normal;"">
<p style="" margin-top:0px; margin-bottom:0px; margin-left:0px; margin-right:0px; -qt-block-indent:0; text-indent:0px;"">Dev env 35m,-20. </p>
<p style="" margin-top:0px; margin-bottom:0px; margin-left:0px; margin-right:0px; -qt-block-indent:0; text-indent:0px;"">Perte deriière un gros bloc.<br />Méandre étroit, 2 ressauts de 3m, arret sur p5.  Chiant pour y aller mais ca continue. Vraie forme de méandre.  Dans marbre blanc. Pas de CA ressenti</p></body></html>",G8,Perte des copains,"2749",../QGIS_Vanoise/images/entree/G8.jpg,,,"Oui, désob courte <1j","Génépy (G)
",,,,6.778231,45.381001,Oui,6.778231,45.381001,326055.543179211,5027677.35072052
"7","14","<!DOCTYPE HTML PUBLIC ""-//W3C//DTD HTML 4.0//EN"" ""http://www.w3.org/TR/REC-html40/strict.dtd"">
<html><head><meta name=""qrichtext"" content=""1"" /><style type=""text/css"">
p, li { white-space: pre-wrap; }
</style></head><body style="" font-family:'.AppleSystemUIFont'; font-size:13pt; font-weight:400; font-style:normal;"">
<p style="" margin-top:0px; margin-bottom:0px; margin-left:0px; margin-right:0px; -qt-block-indent:0; text-indent:0px;"">Perte dans une faille descendue sur 10m, colmatée par des blocs.  Pas de suite envisageable.</p></body></html>",G9,,"2743",../QGIS_Vanoise/images/entree/G9.jpg,"<!DOCTYPE HTML PUBLIC ""-//W3C//DTD HTML 4.0//EN"" ""http://www.w3.org/TR/REC-html40/strict.dtd"">
<html><head><meta name=""qrichtext"" content=""1"" /><style type=""text/css"">
p, li { white-space: pre-wrap; }
</style></head><body style="" font-family:'.AppleSystemUIFont'; font-size:13pt; font-weight:400; font-style:normal;"">
<p style="" margin-top:0px; margin-bottom:0px; margin-left:0px; margin-right:0px; -qt-block-indent:0; text-indent:0px;"">Descendue en octobre 2022</p></body></html>",Faille perte colmatée ,"Non, arrêt sur blocs ou remplissage","Génépy (G)
",,,,6.778602,45.380792,Oui,6.778602,45.380792,326083.94787489,5027653.33008545
"8","15","<!DOCTYPE HTML PUBLIC ""-//W3C//DTD HTML 4.0//EN"" ""http://www.w3.org/TR/REC-html40/strict.dtd"">
<html><head><meta name=""qrichtext"" content=""1"" /><style type=""text/css"">
p, li { white-space: pre-wrap; }
</style></head><body style="" font-family:'.AppleSystemUIFont'; font-size:13pt; font-weight:400; font-style:normal;"">
<p style="" margin-top:0px; margin-bottom:0px; margin-left:0px; margin-right:0px; -qt-block-indent:0; text-indent:0px;"">Simple faille rapidement colmatée </p></body></html>",G6,,"2718",../QGIS_Vanoise/images/entree/G6.jpg,"<!DOCTYPE HTML PUBLIC ""-//W3C//DTD HTML 4.0//EN"" ""http://www.w3.org/TR/REC-html40/strict.dtd"">
<html><head><meta name=""qrichtext"" content=""1"" /><style type=""text/css"">
p, li { white-space: pre-wrap; }
</style></head><body style="" font-family:'.AppleSystemUIFont'; font-size:13pt; font-weight:400; font-style:normal;"">
<p style="" margin-top:0px; margin-bottom:0px; margin-left:0px; margin-right:0px; -qt-block-indent:0; text-indent:0px;"">2022 PtitFred</p></body></html>",,"Non, arrêt sur blocs ou étroiture imp","Génépy (G)
","-10",,,6.777172,45.380783,Oui,6.777172,45.380783,325971.964426789,5027655.42239732
"9","16","<!DOCTYPE HTML PUBLIC ""-//W3C//DTD HTML 4.0//EN"" ""http://www.w3.org/TR/REC-html40/strict.dtd"">
<html><head><meta name=""qrichtext"" content=""1"" /><style type=""text/css"">
p, li { white-space: pre-wrap; }
</style></head><body style="" font-family:'.AppleSystemUIFont'; font-size:13pt; font-weight:400; font-style:normal;"">
<p style="" margin-top:0px; margin-bottom:0px; margin-left:0px; margin-right:0px; -qt-block-indent:0; text-indent:0px;"">Laminoire étroit qui descend</p></body></html>",G7,,"2731",../QGIS_Vanoise/images/entree/G7.jpg,,Laminoire étroit qui descend,A aller voir,"Génépy (G)
",,,,6.777618,45.380753,Oui,6.777618,45.380753,326006.790061291,5027651.12496426
"10","17","<!DOCTYPE HTML PUBLIC ""-//W3C//DTD HTML 4.0//EN"" ""http://www.w3.org/TR/REC-html40/strict.dtd"">
<html><head><meta name=""qrichtext"" content=""1"" /><style type=""text/css"">
p, li { white-space: pre-wrap; }
</style></head><body style="" font-family:'.AppleSystemUIFont'; font-size:13pt; font-weight:400; font-style:normal;"">
<p style="" margin-top:0px; margin-bottom:0px; margin-left:0px; margin-right:0px; -qt-block-indent:0; text-indent:0px;"">Belle faille en plan incliné.</p></body></html>",G10,,"2730",../QGIS_Vanoise/images/entree/G10.jpg,,Belle faille en plan incliné ,A aller voir,"Génépy (G)
",,,,6.778486,45.380738,Oui,6.778486,45.380738,326074.700497761,5027647.58178049
"11","18","<!DOCTYPE HTML PUBLIC ""-//W3C//DTD HTML 4.0//EN"" ""http://www.w3.org/TR/REC-html40/strict.dtd"">
<html><head><meta name=""qrichtext"" content=""1"" /><style type=""text/css"">
p, li { white-space: pre-wrap; }
</style></head><body style="" font-family:'.AppleSystemUIFont'; font-size:13pt; font-weight:400; font-style:normal;"">
<p style="" margin-top:0px; margin-bottom:0px; margin-left:0px; margin-right:0px; -qt-block-indent:0; text-indent:0px;"">Gouffre d'une dizaine de mètres de profondeur, arrêt sur étroiture.</p></body></html>",G13,,"2731",../QGIS_Vanoise/images/entree/G13.jpg,,,"Non, arrêt sur étroiture imp trop longue,  mais désob envisageable","Génépy (G)
","-10",,,6.778525,45.38065,Oui,6.778525,45.38065,326077.483904966,5027637.72122187
"12","20","<!DOCTYPE HTML PUBLIC ""-//W3C//DTD HTML 4.0//EN"" ""http://www.w3.org/TR/REC-html40/strict.dtd"">
<html><head><meta name=""qrichtext"" content=""1"" /><style type=""text/css"">
p, li { white-space: pre-wrap; }
</style></head><body style="" font-family:'.AppleSystemUIFont'; font-size:13pt; font-weight:400; font-style:normal;"">
<p style="" margin-top:0px; margin-bottom:0px; margin-left:0px; margin-right:0px; -qt-block-indent:0; text-indent:0px;"">Petit trou sous un bloc </p></body></html>",AR7,,"2827",,,,A aller voir,"Arcelin (AR)
",,,,6.776626,45.37709,Oui,6.776626,45.37709,325917.880178472,5027246.33443439
"13","22","<!DOCTYPE HTML PUBLIC ""-//W3C//DTD HTML 4.0//EN"" ""http://www.w3.org/TR/REC-html40/strict.dtd"">
<html><head><meta name=""qrichtext"" content=""1"" /><style type=""text/css"">
p, li { white-space: pre-wrap; }
</style></head><body style="" font-family:'.AppleSystemUIFont'; font-size:13pt; font-weight:400; font-style:normal;"">
<p style="" margin-top:0px; margin-bottom:0px; margin-left:0px; margin-right:0px; -qt-block-indent:0; text-indent:0px;"">Entrée circulaire de 1x2m dans le marbre blanc.</p>
<p style="" margin-top:0px; margin-bottom:0px; margin-left:0px; margin-right:0px; -qt-block-indent:0; text-indent:0px;"">Puits de 8m, arrêt sur bouchon de glace.  Belles formes d'érosion.</p></body></html>",G18,,"2855",,,,"Oui, bouchon de neige ou glace","Génépy (G)
","-8",,Non été,6.778546,45.377065,Oui,6.778546,45.377065,326068.131630516,5027239.40481689
"14","23","<!DOCTYPE HTML PUBLIC ""-//W3C//DTD HTML 4.0//EN"" ""http://www.w3.org/TR/REC-html40/strict.dtd"">
<html><head><meta name=""qrichtext"" content=""1"" /><style type=""text/css"">
p, li { white-space: pre-wrap; }
</style></head><body style="" font-family:'.AppleSystemUIFont'; font-size:13pt; font-weight:400; font-style:normal;"">
<p style="" margin-top:0px; margin-bottom:0px; margin-left:0px; margin-right:0px; -qt-block-indent:0; text-indent:0px; line-height:138%;""><a name=""docs-internal-guid-9a6c9ce4-7fff-93ed-8958-837459fa5156""></a><span style="" font-family:'Calibri','sans-serif'; font-size:12pt; color:#000000; background-color:transparent;"">C</span><span style="" font-family:'Calibri','sans-serif'; font-size:12pt; color:#000000; background-color:transparent;"">avité s’ouvrant par un orifice de 0.8x0.8m.</span></p>
<p style="" margin-top:0px; margin-bottom:0px; margin-left:0px; margin-right:0px; -qt-block-indent:0; text-indent:0px; line-height:138%;""><span style="" font-family:'Calibri','sans-serif'; font-size:12pt; color:#000000; background-color:transparent;"">Un puits de 9m permet d’accéder à un p15 de belles dimensions. Celui-ci laisse entrevoir très nettement le contact marbre blanc – marbre chloriteux à -15m.</span></p>
<p style="" margin-top:0px; margin-bottom:0px; margin-left:0px; margin-right:0px; -qt-block-indent:0; text-indent:0px; line-height:138%;""><span style="" font-family:'Calibri','sans-serif'; font-size:12pt; color:#000000; background-color:transparent;"">On arrive alors au fond de la faille, (axe N-S) qui semble comblée par des cailloux. Un orifice au point bas laisse cependant entrevoir une suite. Une courte désobstruction a permis d’accéder à un p8. Celui-ci se descend le long d’un remplissage de cailloux centimétriques cimentés ensemble, du moins nous l’espérons…</span></p>
<p style="" margin-top:0px; margin-bottom:0px; margin-left:0px; margin-right:0px; -qt-block-indent:0; text-indent:0px; line-height:138%;""><span style="" font-family:'Calibri','sans-serif'; font-size:12pt; color:#000000; background-color:transparent;"">En se faufilant vers l’aval de la faille, un r5 donne accès au point bas de la cavité, la faille se rétrécissant trop pour permettre une quelconque avancée.</span></p>
<p style=""-qt-paragraph-type:empty; margin-top:0px; margin-bottom:0px; margin-left:0px; margin-right:0px; -qt-block-indent:0; text-indent:0px; line-height:138%;""><br /></p>
<p style="" margin-top:0px; margin-bottom:0px; margin-left:0px; margin-right:0px; -qt-block-indent:0; text-indent:0px; line-height:138%;""><span style="" font-family:'Calibri','sans-serif'; font-size:12pt; color:#000000; background-color:transparent;"">Cavité équipée entièrement sur pulses.</span></p>
<p style="" margin-top:0px; margin-bottom:0px; margin-left:0px; margin-right:0px; -qt-block-indent:0; text-indent:0px;""><br /></p></body></html>",G4,,"2836",../QGIS_Vanoise/images/entree/G4.jpg,"<!DOCTYPE HTML PUBLIC ""-//W3C//DTD HTML 4.0//EN"" ""http://www.w3.org/TR/REC-html40/strict.dtd"">
<html><head><meta name=""qrichtext"" content=""1"" /><style type=""text/css"">
p, li { white-space: pre-wrap; }
</style></head><body style="" font-family:'.AppleSystemUIFont'; font-size:13pt; font-weight:400; font-style:normal;"">
<p style="" margin-top:0px; margin-bottom:0px; margin-left:0px; margin-right:0px; -qt-block-indent:0; text-indent:0px; line-height:138%;""><a name=""docs-internal-guid-d2bdeb61-7fff-c35e-b055-94c780888d51""></a><span style="" font-family:'Calibri','sans-serif'; font-size:12pt; font-style:italic; color:#000000; background-color:transparent;"">0</span><span style="" font-family:'Calibri','sans-serif'; font-size:12pt; font-style:italic; color:#000000; background-color:transparent;"">7/10/2022 Charlotte Honiat, Martin Kernm</span></p></body></html>",Gfr -42m Cha et Martin,"Non, arrêt sur étroiture impénétrable et indésobstruable","Génépy (G)
","-42","56",Non été,6.779159,45.378057,Oui,6.779159,45.378057,326119.168924803,5027348.28482852
"15","26",,G2,,"2915",../QGIS_Vanoise/images/entree/G2.jpg,,,"Non, arrêt sur blocs ou étroiture imp","Génépy (G)
",,,,6.784415,45.377387,Oui,6.784415,45.377387,326528.635541456,5027262.50670036
"16","27","<!DOCTYPE HTML PUBLIC ""-//W3C//DTD HTML 4.0//EN"" ""http://www.w3.org/TR/REC-html40/strict.dtd"">
<html><head><meta name=""qrichtext"" content=""1"" /><style type=""text/css"">
p, li { white-space: pre-wrap; }
</style></head><body style="" font-family:'.AppleSystemUIFont'; font-size:13pt; font-weight:400; font-style:normal;"">
<p style="" margin-top:0px; margin-bottom:0px; margin-left:0px; margin-right:0px; -qt-block-indent:0; text-indent:0px;"">Grotte glacée du lagon bleu</p></body></html>",M4,Lagon Bleu,,,,,,Moulin (M),"-63","517",Soufflant + été,6.7779414,45.37593412,Oui,6.7779414,45.37593412,326017.324319418,5027115.07833536
"17","28","<!DOCTYPE HTML PUBLIC ""-//W3C//DTD HTML 4.0//EN"" ""http://www.w3.org/TR/REC-html40/strict.dtd"">
<html><head><meta name=""qrichtext"" content=""1"" /><style type=""text/css"">
p, li { white-space: pre-wrap; }
</style></head><body style="" font-family:'.AppleSystemUIFont'; font-size:13pt; font-weight:400; font-style:normal;"">
<p style="" margin-top:0px; margin-bottom:0px; margin-left:0px; margin-right:0px; -qt-block-indent:0; text-indent:0px;"">Entrée 3 du Lagon Bleu</p></body></html>",M6,2nd Lagon Bleu,,,"<!DOCTYPE HTML PUBLIC ""-//W3C//DTD HTML 4.0//EN"" ""http://www.w3.org/TR/REC-html40/strict.dtd"">
<html><head><meta name=""qrichtext"" content=""1"" /><style type=""text/css"">
p, li { white-space: pre-wrap; }
</style></head><body style="" font-family:'.AppleSystemUIFont'; font-size:13pt; font-weight:400; font-style:normal;"">
<p style="" margin-top:0px; margin-bottom:0px; margin-left:0px; margin-right:0px; -qt-block-indent:0; text-indent:0px;"">NULL</p></body></html>",,,Moulin (M),,,,6.77726905,45.37431391,Oui,6.77726905,45.37431391,325959.708736276,5026936.5373127
"18","29","<!DOCTYPE HTML PUBLIC ""-//W3C//DTD HTML 4.0//EN"" ""http://www.w3.org/TR/REC-html40/strict.dtd"">
<html><head><meta name=""qrichtext"" content=""1"" /><style type=""text/css"">
p, li { white-space: pre-wrap; }
</style></head><body style="" font-family:'.AppleSystemUIFont'; font-size:13pt; font-weight:400; font-style:normal;"">
<p style="" margin-top:0px; margin-bottom:0px; margin-left:0px; margin-right:0px; -qt-block-indent:0; text-indent:0px;"">Entré 2 du Lagon Bleu</p></body></html>",M5,2nd Lagon Bleu,,,"<!DOCTYPE HTML PUBLIC ""-//W3C//DTD HTML 4.0//EN"" ""http://www.w3.org/TR/REC-html40/strict.dtd"">
<html><head><meta name=""qrichtext"" content=""1"" /><style type=""text/css"">
p, li { white-space: pre-wrap; }
</style></head><body style="" font-family:'.AppleSystemUIFont'; font-size:13pt; font-weight:400; font-style:normal;"">
<p style="" margin-top:0px; margin-bottom:0px; margin-left:0px; margin-right:0px; -qt-block-indent:0; text-indent:0px;"">NULL</p></body></html>",,,Moulin (M),,,,6.77717431,45.3746298,Oui,6.77717431,45.3746298,325953.2600835,5026971.83560919
"19","30","<!DOCTYPE HTML PUBLIC ""-//W3C//DTD HTML 4.0//EN"" ""http://www.w3.org/TR/REC-html40/strict.dtd"">
<html><head><meta name=""qrichtext"" content=""1"" /><style type=""text/css"">
p, li { white-space: pre-wrap; }
</style></head><body style="" font-family:'.AppleSystemUIFont'; font-size:13pt; font-weight:400; font-style:normal;"">
<p style="" margin-top:0px; margin-bottom:0px; margin-left:0px; margin-right:0px; -qt-block-indent:0; text-indent:0px;"">Trou dans Calcaire,  à revoir avec moins de neige en été </p></body></html>",AR6,,,,,,A aller voir,"Arcelin (AR)
",,,,6.77621309736377,45.3735744531812,Oui,6.77621309736377,45.3735744531812,325874.757570659,5026856.67288178
"20","31","<!DOCTYPE HTML PUBLIC ""-//W3C//DTD HTML 4.0//EN"" ""http://www.w3.org/TR/REC-html40/strict.dtd"">
<html><head><meta name=""qrichtext"" content=""1"" /><style type=""text/css"">
p, li { white-space: pre-wrap; }
</style></head><body style="" font-family:'.AppleSystemUIFont'; font-size:13pt; font-weight:400; font-style:normal;"">
<p style="" margin-top:0px; margin-bottom:0px; margin-left:0px; margin-right:0px; -qt-block-indent:0; text-indent:0px;"">Faille de 5mx0.6 de 7m de prof bouchée par des blocs.</p></body></html>",G17,,,,"<!DOCTYPE HTML PUBLIC ""-//W3C//DTD HTML 4.0//EN"" ""http://www.w3.org/TR/REC-html40/strict.dtd"">
<html><head><meta name=""qrichtext"" content=""1"" /><style type=""text/css"">
p, li { white-space: pre-wrap; }
</style></head><body style="" font-family:'.AppleSystemUIFont'; font-size:13pt; font-weight:400; font-style:normal;"">
<p style="" margin-top:0px; margin-bottom:0px; margin-left:0px; margin-right:0px; -qt-block-indent:0; text-indent:0px;"">Martin, Jean, Simon </p>
<p style="" margin-top:0px; margin-bottom:0px; margin-left:0px; margin-right:0px; -qt-block-indent:0; text-indent:0px;"">Octobre 2022</p></body></html>",,"Non, arrêt sur blocs ou remplissage","Génépy (G)
","-7",,,6.77862440911326,45.3774482944337,Oui,6.77862440911326,45.3774482944337,326075.446362602,5027281.81691903
"21","32","<!DOCTYPE HTML PUBLIC ""-//W3C//DTD HTML 4.0//EN"" ""http://www.w3.org/TR/REC-html40/strict.dtd"">
<html><head><meta name=""qrichtext"" content=""1"" /><style type=""text/css"">
p, li { white-space: pre-wrap; }
</style></head><body style="" font-family:'.AppleSystemUIFont'; font-size:13pt; font-weight:400; font-style:normal;"">
<p style="" margin-top:0px; margin-bottom:0px; margin-left:0px; margin-right:0px; -qt-block-indent:0; text-indent:0px;"">Orifice de 0.6x0.3, profond de 15m,arret sur faille impénétrable.</p></body></html>",G14,,,,,,"Non, arrêt sur blocs ou étroiture imp","Génépy (G)
","-15",,,6.77847908,45.38056396,Oui,6.77847908,45.38056396,326073.624853816,5027628.26198261
"22","34","<!DOCTYPE HTML PUBLIC ""-//W3C//DTD HTML 4.0//EN"" ""http://www.w3.org/TR/REC-html40/strict.dtd"">
<html><head><meta name=""qrichtext"" content=""1"" /><style type=""text/css"">
p, li { white-space: pre-wrap; }
</style></head><body style="" font-family:'.AppleSystemUIFont'; font-size:13pt; font-weight:400; font-style:normal;"">
<p style="" margin-top:0px; margin-bottom:0px; margin-left:0px; margin-right:0px; -qt-block-indent:0; text-indent:0px;"">Sondé a 20m violent courant d’air</p></body></html>",AR2,,"2580",,,,,"Arcelin (AR)
",,,,,,,,,inf,inf
"23","35","<!DOCTYPE HTML PUBLIC ""-//W3C//DTD HTML 4.0//EN"" ""http://www.w3.org/TR/REC-html40/strict.dtd"">
<html><head><meta name=""qrichtext"" content=""1"" /><style type=""text/css"">
p, li { white-space: pre-wrap; }
</style></head><body style="" font-family:'.AppleSystemUIFont'; font-size:13pt; font-weight:400; font-style:normal;"">
<p style="" margin-top:0px; margin-bottom:0px; margin-left:0px; margin-right:0px; -qt-block-indent:0; text-indent:0px;"">Ducluzeaux  : -45m Arret sur etroiture après 15m de méandre actif</p></body></html>",AR3,Gouffre de l’Arcelin,"2560",,,,"Oui, désob courte <1j","Arcelin (AR)
",,,,6.76801939061278,45.3748127182364,Oui,6.76801939061278,45.3748127182364,325237,5027012
"24","36","<!DOCTYPE HTML PUBLIC ""-//W3C//DTD HTML 4.0//EN"" ""http://www.w3.org/TR/REC-html40/strict.dtd"">
<html><head><meta name=""qrichtext"" content=""1"" /><style type=""text/css"">
p, li { white-space: pre-wrap; }
</style></head><body style="" font-family:'.AppleSystemUIFont'; font-size:13pt; font-weight:400; font-style:normal;"">
<p style="" margin-top:0px; margin-bottom:0px; margin-left:0px; margin-right:0px; -qt-block-indent:0; text-indent:0px; line-height:138%;""><a name=""docs-internal-guid-7fc6df41-7fff-3fa4-5bd7-31831003ead1""></a><span style="" font-family:'Arial'; font-size:11pt; color:#000000; background-color:transparent;"">L</span><span style="" font-family:'Arial'; font-size:11pt; color:#000000; background-color:transparent;"">'entrée se situe dans les dalles qui plongent vers le vallon des Arolets, au pied de la grande aiguille de l'Arcelin.</span><br /></p>
<p style="" margin-top:0px; margin-bottom:0px; margin-left:0px; margin-right:0px; -qt-block-indent:0; text-indent:0px; line-height:138%;""><span style="" font-family:'Arial'; font-size:11pt; color:#000000; background-color:transparent;"">Un puits de 12m s'ouvre à la faveur d'une fracture. La paroi présente des traces d'érosion chimique ainsi que de la calcite. Le fond est encombré de blocs mais dans le prolongement de la faille un méandre d’une vingtaine de mètres donne accès à un puits de 26m dont le fond est couvert de neige. Aucune suite évidente n’est aperçue. Un puits parallèle s’ouvre à dix mètres du fond mais ne présente pas non plus de suite.</span></p>
<p style="" margin-top:0px; margin-bottom:0px; margin-left:0px; margin-right:0px; -qt-block-indent:0; text-indent:0px; line-height:138%;""><span style="" font-family:'Arial'; font-size:11pt; color:#000000; background-color:transparent;"">A -13 m un palier donne sur un puits de 10m. Le méandre qui lui fait suite est concrétionné et sec. Le courant d'air aspirant est bien marqué. Un changement d'orientation net au bout de 25m, donne une orientation Ouest à la suite de la cavité.</span></p>
<p style="" margin-top:0px; margin-bottom:0px; margin-left:0px; margin-right:0px; -qt-block-indent:0; text-indent:0px;""><span style="" font-family:'Arial'; font-size:11pt; color:#000000; background-color:transparent;"">Après 40m, un nouveau puits de 17m amène dans un volume confortable, sur un palier qui est en fait un empilement de blocs. Le P5 suivant permet de voir sous cette trémie et ne laisse pas imaginer de suite.<br />Le courant d'air n'est pas bien marqué à la base du P17 et dans la trémie.</span></p></body></html>",AR1,Arcel1,,,"<!DOCTYPE HTML PUBLIC ""-//W3C//DTD HTML 4.0//EN"" ""http://www.w3.org/TR/REC-html40/strict.dtd"">
<html><head><meta name=""qrichtext"" content=""1"" /><style type=""text/css"">
p, li { white-space: pre-wrap; }
</style></head><body style="" font-family:'.AppleSystemUIFont'; font-size:13pt; font-weight:400; font-style:normal;"">
<p style="" margin-top:0px; margin-bottom:0px; margin-left:0px; margin-right:0px; -qt-block-indent:0; text-indent:0px; line-height:138%;""><a name=""docs-internal-guid-075eee91-7fff-69ff-b282-f6c707c4da07""></a><span style="" font-family:'Arial'; font-size:11pt; color:#000000; background-color:transparent;"">0</span><span style="" font-family:'Arial'; font-size:11pt; color:#000000; background-color:transparent;"">8/10/2022 Théophile Cailhol et Florent Maurin</span></p>
<p style="" margin-top:0px; margin-bottom:0px; margin-left:0px; margin-right:0px; -qt-block-indent:0; text-indent:0px; line-height:138%;""><span style="" font-family:'Arial'; font-size:11pt; color:#000000; background-co",,"Non, arrêt sur blocs ou remplissage","Arcelin (AR)
","-54","156",,6.77215292256037,45.3788270738181,Oui,6.77215292256037,45.3788270738181,325573,5027449
"25","37","<!DOCTYPE HTML PUBLIC ""-//W3C//DTD HTML 4.0//EN"" ""http://www.w3.org/TR/REC-html40/strict.dtd"">
<html><head><meta name=""qrichtext"" content=""1"" /><style type=""text/css"">
p, li { white-space: pre-wrap; }
</style></head><body style="" font-family:'.AppleSystemUIFont'; font-size:13pt; font-weight:400; font-style:normal;"">
<p style="" margin-top:0px; margin-bottom:0px; margin-left:0px; margin-right:0px; -qt-block-indent:0; text-indent:0px;"">Diaclase profonde d’1m large de 50cm, bouchée par des sédiments, prolongement sous la neige.</p></body></html>",AR4,,"2757",,,,"Oui, bouchon de neige ou glace","Arcelin (AR)
",,,,6.77617326969492,45.3776002534957,Oui,6.77617326969492,45.3776002534957,325884,5027304
"26","38","<!DOCTYPE HTML PUBLIC ""-//W3C//DTD HTML 4.0//EN"" ""http://www.w3.org/TR/REC-html40/strict.dtd"">
<html><head><meta name=""qrichtext"" content=""1"" /><style type=""text/css"">
p, li { white-space: pre-wrap; }
</style></head><body style="" font-family:'.AppleSystemUIFont'; font-size:13pt; font-weight:400; font-style:normal;"">
<p style="" margin-top:0px; margin-bottom:0px; margin-left:0px; margin-right:0px; -qt-block-indent:0; text-indent:0px;"">P8 circulaire diamètre 80cm/1m, bouchon de neige le 18/10/21</p></body></html>",AR5,,"2791",,,,"Oui, bouchon de neige ou glace","Arcelin (AR)
","-8",,,6.77755577136304,45.3771951074734,Oui,6.77755577136304,45.3771951074734,325991,5027256
"27","41","<!DOCTYPE HTML PUBLIC ""-//W3C//DTD HTML 4.0//EN"" ""http://www.w3.org/TR/REC-html40/strict.dtd"">
<html><head><meta name=""qrichtext"" content=""1"" /><style type=""text/css"">
p, li { white-space: pre-wrap; }
</style></head><body style="" font-family:'.AppleSystemUIFont'; font-size:13pt; font-weight:400; font-style:normal;"">
<p style="" margin-top:0px; margin-bottom:0px; margin-left:0px; margin-right:0px; -qt-block-indent:0; text-indent:0px;"">Prof 22m Diaclase</p></body></html>",R1,,"2700",,"<!DOCTYPE HTML PUBLIC ""-//W3C//DTD HTML 4.0//EN"" ""http://www.w3.org/TR/REC-html40/strict.dtd"">
<html><head><meta name=""qrichtext"" content=""1"" /><style type=""text/css"">
p, li { white-space: pre-wrap; }
</style></head><body style="" font-family:'.AppleSystemUIFont'; font-size:13pt; font-weight:400; font-style:normal;"">
<p style="" margin-top:0px; margin-bottom:0px; margin-left:0px; margin-right:0px; -qt-block-indent:0; text-indent:0px;"">Ancien nom : CAF R1</p></body></html>",,A aller voir,Réchasse (R),"-22",,,6.80066731120388,45.3822874055751,,6.80066731120388,45.3822874055751,327816,5027772
"28","42","<!DOCTYPE HTML PUBLIC ""-//W3C//DTD HTML 4.0//EN"" ""http://www.w3.org/TR/REC-html40/strict.dtd"">
<html><head><meta name=""qrichtext"" content=""1"" /><style type=""text/css"">
p, li { white-space: pre-wrap; }
</style></head><body style="" font-family:'.AppleSystemUIFont'; font-size:13pt; font-weight:400; font-style:normal;"">
<p style="" margin-top:0px; margin-bottom:0px; margin-left:0px; margin-right:0px; -qt-block-indent:0; text-indent:0px;"">Prof 30m Etroiture Verticale</p></body></html>",R17,,"2780",,"<!DOCTYPE HTML PUBLIC ""-//W3C//DTD HTML 4.0//EN"" ""http://www.w3.org/TR/REC-html40/strict.dtd"">
<html><head><meta name=""qrichtext"" content=""1"" /><style type=""text/css"">
p, li { white-space: pre-wrap; }
</style></head><body style="" font-family:'.AppleSystemUIFont'; font-size:13pt; font-weight:400; font-style:normal;"">
<p style="" margin-top:0px; margin-bottom:0px; margin-left:0px; margin-right:0px; -qt-block-indent:0; text-indent:0px;"">CAF R17</p></body></html>",,A aller voir,Réchasse (R),"-30",,,6.80062936905289,45.3822776732337,,6.80062936905289,45.3822776732337,327813,5027771
"29","43","<!DOCTYPE HTML PUBLIC ""-//W3C//DTD HTML 4.0//EN"" ""http://www.w3.org/TR/REC-html40/strict.dtd"">
<html><head><meta name=""qrichtext"" content=""1"" /><style type=""text/css"">
p, li { white-space: pre-wrap; }
</style></head><body style="" font-family:'.AppleSystemUIFont'; font-size:13pt; font-weight:400; font-style:normal;"">
<p style="" margin-top:0px; margin-bottom:0px; margin-left:0px; margin-right:0px; -qt-block-indent:0; text-indent:0px;"">Prof 25m Puits</p></body></html>",R18,,"2790",,"<!DOCTYPE HTML PUBLIC ""-//W3C//DTD HTML 4.0//EN"" ""http://www.w3.org/TR/REC-html40/strict.dtd"">
<html><head><meta name=""qrichtext"" content=""1"" /><style type=""text/css"">
p, li { white-space: pre-wrap; }
</style></head><body style="" font-family:'.AppleSystemUIFont'; font-size:13pt; font-weight:400; font-style:normal;"">
<p style="" margin-top:0px; margin-bottom:0px; margin-left:0px; margin-right:0px; -qt-block-indent:0; text-indent:0px;"">CAF R18</p></body></html>",,A aller voir,Réchasse (R),"-25",,,6.80061625643855,45.382286422024,,6.80061625643855,45.382286422024,327812,5027772
"30","44","<!DOCTYPE HTML PUBLIC ""-//W3C//DTD HTML 4.0//EN"" ""http://www.w3.org/TR/REC-html40/strict.dtd"">
<html><head><meta name=""qrichtext"" content=""1"" /><style type=""text/css"">
p, li { white-space: pre-wrap; }
</style></head><body style="" font-family:'.AppleSystemUIFont'; font-size:13pt; font-weight:400; font-style:normal;"">
<p style="" margin-top:0px; margin-bottom:0px; margin-left:0px; margin-right:0px; -qt-block-indent:0; text-indent:0px;"">Prof 22m dans la moraine </p></body></html>",R19,,"2810",,"<!DOCTYPE HTML PUBLIC ""-//W3C//DTD HTML 4.0//EN"" ""http://www.w3.org/TR/REC-html40/strict.dtd"">
<html><head><meta name=""qrichtext"" content=""1"" /><style type=""text/css"">
p, li { white-space: pre-wrap; }
</style></head><body style="" font-family:'.AppleSystemUIFont'; font-size:13pt; font-weight:400; font-style:normal;"">
<p style="" margin-top:0px; margin-bottom:0px; margin-left:0px; margin-right:0px; -qt-block-indent:0; text-indent:0px;"">CAF 19</p>
<p style=""-qt-paragraph-type:empty; margin-top:0px; margin-bottom:0px; margin-left:0px; margin-right:0px; -qt-block-indent:0; text-indent:0px;""><br /></p></body></html>",,A aller voir,Réchasse (R),"-22",,,6.80057761643477,45.3822946790256,,6.80057761643477,45.3822946790256,327809,5027773
"31","45","<!DOCTYPE HTML PUBLIC ""-//W3C//DTD HTML 4.0//EN"" ""http://www.w3.org/TR/REC-html40/strict.dtd"">
<html><head><meta name=""qrichtext"" content=""1"" /><style type=""text/css"">
p, li { white-space: pre-wrap; }
</style></head><body style="" font-family:'.AppleSystemUIFont'; font-size:13pt; font-weight:400; font-style:normal;"">
<p style="" margin-top:0px; margin-bottom:0px; margin-left:0px; margin-right:0px; -qt-block-indent:0; text-indent:0px;"">Prof 20m</p></body></html>",R22,,"2790",,"<!DOCTYPE HTML PUBLIC ""-//W3C//DTD HTML 4.0//EN"" ""http://www.w3.org/TR/REC-html40/strict.dtd"">
<html><head><meta name=""qrichtext"" content=""1"" /><style type=""text/css"">
p, li { white-space: pre-wrap; }
</style></head><body style="" font-family:'.AppleSystemUIFont'; font-size:13pt; font-weight:400; font-style:normal;"">
<p style="" margin-top:0px; margin-bottom:0px; margin-left:0px; margin-right:0px; -qt-block-indent:0; text-indent:0px;"">CAF R22</p></body></html>",,A aller voir,Réchasse (R),"-22",,,6.80060349274763,45.3822861761327,,6.80060349274763,45.3822861761327,327811,5027772
"32","46","<!DOCTYPE HTML PUBLIC ""-//W3C//DTD HTML 4.0//EN"" ""http://www.w3.org/TR/REC-html40/strict.dtd"">
<html><head><meta name=""qrichtext"" content=""1"" /><style type=""text/css"">
p, li { white-space: pre-wrap; }
</style></head><body style="" font-family:'.AppleSystemUIFont'; font-size:13pt; font-weight:400; font-style:normal;"">
<p style="" margin-top:0px; margin-bottom:0px; margin-left:0px; margin-right:0px; -qt-block-indent:0; text-indent:0px;"">Puits 22m</p></body></html>",R24,,"2810",,"<!DOCTYPE HTML PUBLIC ""-//W3C//DTD HTML 4.0//EN"" ""http://www.w3.org/TR/REC-html40/strict.dtd"">
<html><head><meta name=""qrichtext"" content=""1"" /><style type=""text/css"">
p, li { white-space: pre-wrap; }
</style></head><body style="" font-family:'.AppleSystemUIFont'; font-size:13pt; font-weight:400; font-style:normal;"">
<p style="" margin-top:0px; margin-bottom:0px; margin-left:0px; margin-right:0px; -qt-block-indent:0; text-indent:0px;"">CAF R24</p>
<p style=""-qt-paragraph-type:empty; margin-top:0px; margin-bottom:0px; margin-left:0px; margin-right:0px; -qt-block-indent:0; text-indent:0px;""><br /></p></body></html>",,A aller voir,Réchasse (R),"-22",,,6.80059072905687,45.3822859302399,,6.80059072905687,45.3822859302399,327810,5027772
"33","47","<!DOCTYPE HTML PUBLIC ""-//W3C//DTD HTML 4.0//EN"" ""http://www.w3.org/TR/REC-html40/strict.dtd"">
<html><head><meta name=""qrichtext"" content=""1"" /><style type=""text/css"">
p, li { white-space: pre-wrap; }
</style></head><body style="" font-family:'.AppleSystemUIFont'; font-size:13pt; font-weight:400; font-style:normal;"">
<p style="" margin-top:0px; margin-bottom:0px; margin-left:0px; margin-right:0px; -qt-block-indent:0; text-indent:0px;"">Puits 18m</p></body></html>",R28,,"2930",,"<!DOCTYPE HTML PUBLIC ""-//W3C//DTD HTML 4.0//EN"" ""http://www.w3.org/TR/REC-html40/strict.dtd"">
<html><head><meta name=""qrichtext"" content=""1"" /><style type=""text/css"">
p, li { white-space: pre-wrap; }
</style></head><body style="" font-family:'.AppleSystemUIFont'; font-size:13pt; font-weight:400; font-style:normal;"">
<p style="" margin-top:0px; margin-bottom:0px; margin-left:0px; margin-right:0px; -qt-block-indent:0; text-indent:0px;"">CAF R28</p>
<p style=""-qt-paragraph-type:empty; margin-top:0px; margin-bottom:0px; margin-left:0px; margin-right:0px; -qt-block-indent:0; text-indent:0px;""><br /></p></body></html>",,A aller voir,Réchasse (R),"-18",,,6.80054002323289,45.382275951975,,6.80054002323289,45.382275951975,327806,5027771
"34","48","<!DOCTYPE HTML PUBLIC ""-//W3C//DTD HTML 4.0//EN"" ""http://www.w3.org/TR/REC-html40/strict.dtd"">
<html><head><meta name=""qrichtext"" content=""1"" /><style type=""text/css"">
p, li { white-space: pre-wrap; }
</style></head><body style="" font-family:'.AppleSystemUIFont'; font-size:13pt; font-weight:400; font-style:normal;"">
<p style="" margin-top:0px; margin-bottom:0px; margin-left:0px; margin-right:0px; -qt-block-indent:0; text-indent:0px;"">Petits trous dans les marbres bleu du Malm 352,3x948,6</p></body></html>",CAF 1,,"2600",,,,,Réchasse (R),,,,,,,,,inf,inf
"35","49","<!DOCTYPE HTML PUBLIC ""-//W3C//DTD HTML 4.0//EN"" ""http://www.w3.org/TR/REC-html40/strict.dtd"">
<html><head><meta name=""qrichtext"" content=""1"" /><style type=""text/css"">
p, li { white-space: pre-wrap; }
</style></head><body style="" font-family:'.AppleSystemUIFont'; font-size:13pt; font-weight:400; font-style:normal;"">
<p style="" margin-top:0px; margin-bottom:0px; margin-left:0px; margin-right:0px; -qt-block-indent:0; text-indent:0px;"">Trou ?</p>
<p style="" margin-top:0px; margin-bottom:0px; margin-left:0px; margin-right:0px; -qt-block-indent:0; text-indent:0px;"">Pointages Google Earth secteur Rocher Genepi Pte Vive </p></body></html>",P_AR1,,"2654",,,,A aller voir,"Arcelin (AR)
",,,,6.77524142934396,45.3805165572948,Oui,6.77524142934396,45.3805165572948,325820,5027630
"36","50","<!DOCTYPE HTML PUBLIC ""-//W3C//DTD HTML 4.0//EN"" ""http://www.w3.org/TR/REC-html40/strict.dtd"">
<html><head><meta name=""qrichtext"" content=""1"" /><style type=""text/css"">
p, li { white-space: pre-wrap; }
</style></head><body style="" font-family:'.AppleSystemUIFont'; font-size:13pt; font-weight:400; font-style:normal;"">
<p style="" margin-top:0px; margin-bottom:0px; margin-left:0px; margin-right:0px; -qt-block-indent:0; text-indent:0px;"">Trou ?</p>
<p style="" margin-top:0px; margin-bottom:0px; margin-left:0px; margin-right:0px; -qt-block-indent:0; text-indent:0px;"">Pointages Google Earth</p></body></html>",P_G3,,"2857",,,,A aller voir,"Génépy (G)
",,,,6.78057499375566,45.3767407626141,Oui,6.78057499375566,45.3767407626141,326226,5027199
"37","52","<!DOCTYPE HTML PUBLIC ""-//W3C//DTD HTML 4.0//EN"" ""http://www.w3.org/TR/REC-html40/strict.dtd"">
<html><head><meta name=""qrichtext"" content=""1"" /><style type=""text/css"">
p, li { white-space: pre-wrap; }
</style></head><body style="" font-family:'.AppleSystemUIFont'; font-size:13pt; font-weight:400; font-style:normal;"">
<p style="" margin-top:0px; margin-bottom:0px; margin-left:0px; margin-right:0px; -qt-block-indent:0; text-indent:0px;"">Trou ?</p></body></html>",P_G2,,"2740",,,,A aller voir,"Génépy (G)
",,,,6.77940927120158,45.3791124692187,Oui,6.77940927120158,45.3791124692187,326142,5027465
"38","53","<!DOCTYPE HTML PUBLIC ""-//W3C//DTD HTML 4.0//EN"" ""http://www.w3.org/TR/REC-html40/strict.dtd"">
<html><head><meta name=""qrichtext"" content=""1"" /><style type=""text/css"">
p, li { white-space: pre-wrap; }
</style></head><body style="" font-family:'.AppleSystemUIFont'; font-size:13pt; font-weight:400; font-style:normal;"">
<p style="" margin-top:0px; margin-bottom:0px; margin-left:0px; margin-right:0px; -qt-block-indent:0; text-indent:0px;"">Petit trou dans la neige le 18/10/21 </p></body></html>",PG_2,,"2742",,,,A aller voir,"Génépy (G)
",,,,6.77789148413144,45.3787318819726,Oui,6.77789148413144,45.3787318819726,326022,5027426
"39","54","<!DOCTYPE HTML PUBLIC ""-//W3C//DTD HTML 4.0//EN"" ""http://www.w3.org/TR/REC-html40/strict.dtd"">
<html><head><meta name=""qrichtext"" content=""1"" /><style type=""text/css"">
p, li { white-space: pre-wrap; }
</style></head><body style="" font-family:'.AppleSystemUIFont'; font-size:13pt; font-weight:400; font-style:normal;"">
<p style="" margin-top:0px; margin-bottom:0px; margin-left:0px; margin-right:0px; -qt-block-indent:0; text-indent:0px;"">Moulin en bas du glacier, proche grotte sous la glace 1</p>
<p style="" margin-top:0px; margin-bottom:0px; margin-left:0px; margin-right:0px; -qt-block-indent:0; text-indent:0px;"">Images satellites sept 19</p></body></html>",M7,,"2935",,,,A aller voir,Moulin (M),,,,6.78171835440579,45.3746116469741,Oui,6.78171835440579,45.3746116469741,326309,5026960
"40","55","<!DOCTYPE HTML PUBLIC ""-//W3C//DTD HTML 4.0//EN"" ""http://www.w3.org/TR/REC-html40/strict.dtd"">
<html><head><meta name=""qrichtext"" content=""1"" /><style type=""text/css"">
p, li { white-space: pre-wrap; }
</style></head><body style="" font-family:'.AppleSystemUIFont'; font-size:13pt; font-weight:400; font-style:normal;"">
<p style="" margin-top:0px; margin-bottom:0px; margin-left:0px; margin-right:0px; -qt-block-indent:0; text-indent:0px;"">Moulin 2</p></body></html>",M2,Moulin 2,"2987",,,,,Moulin (M),,,,6.78566549868864,45.3732840535412,Oui,6.78566549868864,45.3732840535412,326614,5026804
"41","56","<!DOCTYPE HTML PUBLIC ""-//W3C//DTD HTML 4.0//EN"" ""http://www.w3.org/TR/REC-html40/strict.dtd"">
<html><head><meta name=""qrichtext"" content=""1"" /><style type=""text/css"">
p, li { white-space: pre-wrap; }
</style></head><body style="" font-family:'.AppleSystemUIFont'; font-size:13pt; font-weight:400; font-style:normal;"">
<p style="" margin-top:0px; margin-bottom:0px; margin-left:0px; margin-right:0px; -qt-block-indent:0; text-indent:0px;"">Moulin sur Images satellites sept 2019</p></body></html>",M3     ,,"2991",,,,A aller voir,Moulin (M),,,,6.78245693098349,45.3717275397257,Oui,6.78245693098349,45.3717275397257,326358,5026638
"42","57","<!DOCTYPE HTML PUBLIC ""-//W3C//DTD HTML 4.0//EN"" ""http://www.w3.org/TR/REC-html40/strict.dtd"">
<html><head><meta name=""qrichtext"" content=""1"" /><style type=""text/css"">
p, li { white-space: pre-wrap; }
</style></head><body style="" font-family:'.AppleSystemUIFont'; font-size:13pt; font-weight:400; font-style:normal;"">
<p style="" margin-top:0px; margin-bottom:0px; margin-left:0px; margin-right:0px; -qt-block-indent:0; text-indent:0px; line-height:138%;""><a name=""docs-internal-guid-31203435-7fff-99c6-d8db-c3b72a85f597""></a><span style="" font-family:'Calibri','sans-serif'; font-size:12pt; color:#000000; background-color:transparent;"">P</span><span style="" font-family:'Calibri','sans-serif'; font-size:12pt; color:#000000; background-color:transparent;"">remier moulin descendu en octobre 2022.</span></p>
<p style="" margin-top:0px; margin-bottom:0px; margin-left:0px; margin-right:0px; -qt-block-indent:0; text-indent:0px; line-height:138%;""><span style="" font-family:'Calibri','sans-serif'; font-size:12pt; color:#000000; background-color:transparent;"">L’entrée s’ouvre au fond d’une grande dépression sur le glacier, largement visible.</span></p>
<p style="" margin-top:0px; margin-bottom:0px; margin-left:0px; margin-right:0px; -qt-block-indent:0; text-indent:0px; line-height:138%;""><span style="" font-family:'Calibri','sans-serif'; font-size:12pt; color:#000000; background-color:transparent;"">Simple puits de 4m de diamètre, profond d'une trentaine de mètres. Au fond, l'eau se perd dans un laminoir de glace trop étroit pour être pénétré.</span></p>
<p style="" margin-top:0px; margin-bottom:0px; margin-left:0px; margin-right:0px; -qt-block-indent:0; text-indent:0px; line-height:138%;""><span style="" font-family:'Calibri','sans-serif'; font-size:12pt; color:#000000; background-color:transparent;"">A noter que lorsque nous l'avons descendu la bédière l'alimentant ne coulait plus, il est donc fort probable qu'en période active cette étroiture soit plus large.</span></p>
<p style="" margin-top:0px; margin-bottom:0px; margin-left:0px; margin-right:0px; -qt-block-indent:0; text-indent:0px; line-height:138%;""><span style="" font-family:'Calibri','sans-serif'; font-size:12pt; color:#000000; background-color:transparent;"">Cette bédière est aussi la plus grosse rencontrée sur le glacier, ce moulin est donc un des drains principaux des eaux superficielles du NE du glacier de l’Arcelin.</span></p>
<p style="" margin-top:0px; margin-bottom:0px; margin-left:0px; margin-right:0px; -qt-block-indent:0; text-indent:0px;""><br /></p></body></html>",M1,P30,"3005",,"<!DOCTYPE HTML PUBLIC ""-//W3C//DTD HTML 4.0//EN"" ""http://www.w3.org/TR/REC-html40/strict.dtd"">
<html><head><meta name=""qrichtext"" content=""1"" /><style type=""text/css"">
p, li { white-space: pre-wrap; }
</style></head><body style="" font-family:'.AppleSystemUIFont'; font-size:13pt; font-weight:400; font-style:normal;"">
<p style="" margin-top:0px; margin-bottom:0px; margin-left:0px; margin-right:0px; -qt-block-indent:0; text-indent:0px;"">NULL</p></body></html>",,,Moulin (M),"-30",,,6.78775023951328,45.3715691940203,Oui,6.78775024,45.37156919,326772.000025833,5026608.99955232
"43","58","<!DOCTYPE HTML PUBLIC ""-//W3C//DTD HTML 4.0//EN"" ""http://www.w3.org/TR/REC-html40/strict.dtd"">
<html><head><meta name=""qrichtext"" content=""1"" /><style type=""text/css"">
p, li { white-space: pre-wrap; }
</style></head><body style="" font-family:'.AppleSystemUIFont'; font-size:13pt; font-weight:400; font-style:normal;"">
<p style="" margin-top:12px; margin-bottom:12px; margin-left:0px; margin-right:0px; -qt-block-indent:0; text-indent:0px;"">Cavité s’ouvrant en dessous d’un petit rognon rocheux. <br />L’entrée, une faille de de 1.5m par 0.5 est couverte par un bloc coincé et laisse voir de belles traces d’érosion. </p>
<p style="" margin-top:12px; margin-bottom:12px; margin-left:0px; margin-right:0px; -qt-block-indent:0; text-indent:0px;"">Simple puits de 25m, les deux premiers mètres sont creusés dans les marbres chloriteux, la suite se développe dans le marbre blanc dans lequel l’eau a creusée une goulotte remarquable. Arrêt sur remplissage de blocs au fond de la faille, un orifice laisse entrevoir un second palier de blocs 4m plus bas. Un élargissement de la faille serait nécessaire pour accéder à une suite, peu probable. </p>
<p style="" margin-top:12px; margin-bottom:12px; margin-left:0px; margin-right:0px; -qt-block-indent:0; text-indent:0px;"">Faible courant d’air soufflant le 07/10/2022, T°ext de 10°C. </p></body></html>",G3,,,,"<!DOCTYPE HTML PUBLIC ""-//W3C//DTD HTML 4.0//EN"" ""http://www.w3.org/TR/REC-html40/strict.dtd"">
<html><head><meta name=""qrichtext"" content=""1"" /><style type=""text/css"">
p, li { white-space: pre-wrap; }
</style></head><body style="" font-family:'.AppleSystemUIFont'; font-size:13pt; font-weight:400; font-style:normal;"">
<p style="" margin-top:0px; margin-bottom:0px; margin-left:0px; margin-right:0px; -qt-block-indent:0; text-indent:0px; line-height:138%;""><a name=""docs-internal-guid-73fa018a-7fff-4e4f-a773-b3e8f7fce552""></a><span style="" font-family:'Calibri','sans-serif'; font-size:12pt; font-style:italic; color:#000000; background-color:transparent;"">0</span><span style="" font-family:'Calibri','sans-serif'; font-size:12pt; font-style:italic; color:#000000; background-color:transparent;"">7/10/2022 Charlotte Honiat, Martin Kern</span></p>
<p style="" margin-top:0px; margin-bottom:0px; margin-left:0px; margin-right:0px; -qt-block-indent:0; text-indent:0px;""><br /></p></body></html>",Gfr -25m Cha et Martin,"Non, arrêt sur étroiture imp trop longue,  mais désob envisageable","Génépy (G)
","-25","30",Soufflant - été,6.78014709659634,45.3782080730429,Oui,6.78013794501112,45.3782010982275,326196.25667544,5027362.17809476
"44","59","<!DOCTYPE HTML PUBLIC ""-//W3C//DTD HTML 4.0//EN"" ""http://www.w3.org/TR/REC-html40/strict.dtd"">
<html><head><meta name=""qrichtext"" content=""1"" /><style type=""text/css"">
p, li { white-space: pre-wrap; }
</style></head><body style="" font-family:'.AppleSystemUIFont'; font-size:13pt; font-weight:400; font-style:normal;"">
<p style="" margin-top:0px; margin-bottom:0px; margin-left:0px; margin-right:0px; -qt-block-indent:0; text-indent:0px;"">Trou ?</p>
<p style="" margin-top:0px; margin-bottom:0px; margin-left:0px; margin-right:0px; -qt-block-indent:0; text-indent:0px;"">Pointages Google Earth</p></body></html>",P_AR2,,"2568",,,,A aller voir,"Arcelin (AR)
",,,,,,Oui,6.77245492609321,45.3812183397817,325604,5027714
"45","61","<!DOCTYPE HTML PUBLIC ""-//W3C//DTD HTML 4.0//EN"" ""http://www.w3.org/TR/REC-html40/strict.dtd"">
<html><head><meta name=""qrichtext"" content=""1"" /><style type=""text/css"">
p, li { white-space: pre-wrap; }
</style></head><body style="" font-family:'.AppleSystemUIFont'; font-size:13pt; font-weight:400; font-style:normal;"">
<p style="" margin-top:0px; margin-bottom:0px; margin-left:0px; margin-right:0px; -qt-block-indent:0; text-indent:0px;"">Escalade de 10m pour rejoindre le porche qui est en réalité une simple poche sans continuation. Beaucoup de traces de guano de choucas. Un spit en haut... </p></body></html>",AR8,Gros porche,"2438",../QGIS_Vanoise/images/entree/AR8.jpg,"<!DOCTYPE HTML PUBLIC ""-//W3C//DTD HTML 4.0//EN"" ""http://www.w3.org/TR/REC-html40/strict.dtd"">
<html><head><meta name=""qrichtext"" content=""1"" /><style type=""text/css"">
p, li { white-space: pre-wrap; }
</style></head><body style="" font-family:'.AppleSystemUIFont'; font-size:13pt; font-weight:400; font-style:normal;"">
<p style="" margin-top:0px; margin-bottom:0px; margin-left:0px; margin-right:0px; -qt-block-indent:0; text-indent:0px;"">Vu Par Théophile.Cailhol en 2021</p></body></html>",,"Non, arrêt sur blocs ou remplissage","Arcelin (AR)
",,,,,,Oui,6.76903611111111,45.3823416666667,325339.800875637,5027846.21105812
"47",,"<!DOCTYPE HTML PUBLIC ""-//W3C//DTD HTML 4.0//EN"" ""http://www.w3.org/TR/REC-html40/strict.dtd"">
<html><head><meta name=""qrichtext"" content=""1"" /><style type=""text/css"">
p, li { white-space: pre-wrap; }
</style></head><body style="" font-family:'.AppleSystemUIFont'; font-size:13pt; font-weight:400; font-style:normal;"">
<p style="" margin-top:0px; margin-bottom:0px; margin-left:0px; margin-right:0px; -qt-block-indent:0; text-indent:0px;""><a name=""docs-internal-guid-8d93d955-7fff-ebf0-69db-3a086ea43f82""></a><span style="" font-family:'Arial'; font-size:11pt; color:#000000; background-color:transparent;"">P</span><span style="" font-family:'Arial'; font-size:11pt; color:#000000; background-color:transparent;"">erte active située à 150m au sud du refuge, au pied de la barre rocheuse. Le ruisseau se perd dans les blocs, on ne voit pas de suite possible. Le tuyau du trop plein de la fosse septique se déverse dans la perte. </span></p></body></html>",CV1,Perte de la fosse septique,"2515",,,,"Non, arrêt sur blocs ou remplissage",Col de la Vanoise (CV),"0","0",Non été,,,,6.78999444,45.39069444,327006.092002382,5028728.86702515
"48",,"<!DOCTYPE HTML PUBLIC ""-//W3C//DTD HTML 4.0//EN"" ""http://www.w3.org/TR/REC-html40/strict.dtd"">
<html><head><meta name=""qrichtext"" content=""1"" /><style type=""text/css"">
p, li { white-space: pre-wrap; }
</style></head><body style="" font-family:'.AppleSystemUIFont'; font-size:13pt; font-weight:400; font-style:normal;"">
<p style="" margin-top:0px; margin-bottom:0px; margin-left:0px; margin-right:0px; -qt-block-indent:0; text-indent:0px;""><a name=""docs-internal-guid-84215275-7fff-af27-5480-1877c40e4643""></a><span style="" font-family:'Arial'; font-size:11pt; color:#000000; background-color:transparent;"">P</span><span style="" font-family:'Arial'; font-size:11pt; color:#000000; background-color:transparent;"">erte active située à 50 m à l’ouest du refuge, le trop plein du réservoir d’eau coule jusqu’à une zone humide, qui s’évacue par un trou de 20cm de diamètre dans les sédiments. On aperçoit le marbre jurassique au fond. Il faudrait creuser dans les sédiments pour voir si la suite est pénétrable. </span></p></body></html>",CV2,Perte du réservoir,"2513",,"<!DOCTYPE HTML PUBLIC ""-//W3C//DTD HTML 4.0//EN"" ""http://www.w3.org/TR/REC-html40/strict.dtd"">
<html><head><meta name=""qrichtext"" content=""1"" /><style type=""text/css"">
p, li { white-space: pre-wrap; }
</style></head><body style="" font-family:'.AppleSystemUIFont'; font-size:13pt; font-weight:400; font-style:normal;"">
<p style="" margin-top:0px; margin-bottom:0px; margin-left:0px; margin-right:0px; -qt-block-indent:0; text-indent:0px;"">NULL</p></body></html>",,"Oui, désob moyenne >=1j mais <3j",Col de la Vanoise (CV),"0","0",,,,,6.78998056,45.39207778,327009.227735483,5028882.57757324
"49",,"<!DOCTYPE HTML PUBLIC ""-//W3C//DTD HTML 4.0//EN"" ""http://www.w3.org/TR/REC-html40/strict.dtd"">
<html><head><meta name=""qrichtext"" content=""1"" /><style type=""text/css"">
p, li { white-space: pre-wrap; }
</style></head><body style="" font-family:'.AppleSystemUIFont'; font-size:13pt; font-weight:400; font-style:normal;"">
<p style="" margin-top:0px; margin-bottom:0px; margin-left:0px; margin-right:0px; -qt-block-indent:0; text-indent:0px; line-height:120%;""><a name=""docs-internal-guid-14e8d419-7fff-5723-8e56-0664ddaa4622""></a><span style="" font-family:'Liberation Serif'; font-size:11pt; color:#000000; background-color:transparent;"">L</span><span style="" font-family:'Liberation Serif'; font-size:11pt; color:#000000; background-color:transparent;"">’entrée, très étroite, s’ouvre sous chaos de blocs à l’extrémité nord-ouest du « lac » éponyme. </span></p>
<p style="" margin-top:0px; margin-bottom:0px; margin-left:0px; margin-right:0px; -qt-block-indent:0; text-indent:0px; line-height:120%;""><span style="" font-family:'Liberation Serif'; font-size:11pt; color:#000000; background-color:transparent;"">On prend pied dans un petit méandre à -2m, fracture rectiligne orientée N-NO descendante sur 20 m et large d’une cinquantaine de centimètres.<br />Cran vertical sous blocs suspendus, la fracture se rétrécit et se pince (imp.) au bout de quelques mètres après ce ressaut. Une petite galerie basse en conduite forcée descendante lui fait suite perpendiculairement vers l’est. </span><span style="" font-family:'Arial'; font-size:11pt; color:#000000; background-color:transparent;"">S’y engager les pieds en premier est plus commode ! (</span><span style="" font-family:'Liberation Serif'; font-size:11pt; color:#000000; background-color:transparent;"">Fabien s’y était méchamment coincé en 2006 en passant la tête en premier…).</span></p>
<p style="" margin-top:0px; margin-bottom:0px; margin-left:0px; margin-right:0px; -qt-block-indent:0; text-indent:0px; line-height:138%;""><span style="" font-family:'Arial'; font-size:11pt; color:#000000; background-color:transparent;"">Après 8m de boyau un peu pénible, on retrouve un méandre plus confortable qui reprend la direction O-NO.  Une étroiture désobstruée dans les blocs donne accès à la suite du méandre qui se rétrécit à nouveau. On aperçoit une suite possible mais des travaux d’élargissement sont à prévoir. </span></p>
<p style="" margin-top:0px; margin-bottom:0px; margin-left:0px; margin-right:0px; -qt-block-indent:0; text-indent:0px; line-height:138%;""><span style="" font-family:'Arial'; font-size:11pt; color:#000000; background-color:transparent;"">Un très léger courant d’air soufflant est perceptible. </span></p>
<p style="" margin-top:0px; margin-bottom:0px; margin-left:0px; margin-right:0px; -qt-block-indent:0; text-indent:0px; line-height:138%;""><span style="" font-family:'Arial'; font-size:11pt; color:#000000; background-color:transparent;"">A REVOIR !</span></p></body></html>",CV3,Perte du Lac des assiettes,"2476",,"<!DOCTYPE HTML PUBLIC ""-//W3C//DTD HTML 4.0//EN"" ""http://www.w3.org/TR/REC-html40/strict.dtd"">
<html><head><meta name=""qrichtext"" content=""1"" /><style type=""text/css"">
p, li { white-space: pre-wrap; }
</style></head><body style="" font-family:'.AppleSystemUIFont'; font-size:13pt; font-weight:400; font-style:normal;"">
<p style="" margin-top:0px; margin-bottom:0px; margin-left:0px; margin-right:0px; -qt-block-indent:0; text-indent:0px; line-height:120%;""><a name=""docs-internal-guid-22732fa4-7fff-4a33-f95f-56a6553ce4c9""></a><span style="" font-family:'Liberation Serif'; font-size:11pt; color:#000000; background-color:transparent;"">P</span><span style="" font-family:'Liberation Serif'; font-size:11pt; color:#000000; background-color:transparent;"">erte explorée par Fabien Hobléa et une collègue russe (Elena Trofimova) en 2006.</span></p>
<p style="" margin-top:0px; margin-bottom:0px; margin-left:0px; margin-right:0px; -qt-block-indent:0; text-indent:0px; line-height:120%;""><span style="" font-fam",,"Oui, désob courte <1j",Col de la Vanoise (CV),"-20","30",Soufflant - été,,,,6.78265833,45.39090556,326432.489069524,5028768.12401333
"50",,"<!DOCTYPE HTML PUBLIC ""-//W3C//DTD HTML 4.0//EN"" ""http://www.w3.org/TR/REC-html40/strict.dtd"">
<html><head><meta name=""qrichtext"" content=""1"" /><style type=""text/css"">
p, li { white-space: pre-wrap; }
</style></head><body style="" font-family:'.AppleSystemUIFont'; font-size:13pt; font-weight:400; font-style:normal;"">
<p style="" margin-top:0px; margin-bottom:0px; margin-left:0px; margin-right:0px; -qt-block-indent:0; text-indent:0px; line-height:138%;""><a name=""docs-internal-guid-ddf1907c-7fff-341e-c4cb-912f5199f7e4""></a><span style="" font-family:'Arial'; font-size:11pt; color:#000000; background-color:transparent;"">S</span><span style="" font-family:'Arial'; font-size:11pt; color:#000000; background-color:transparent;"">ituée à 450m au S-SO du refuge, la perte de la douche absorbe le ruisseau qui descend des moraines sous le versant nord de l'arête de la Réchasse. </span></p>
<p style="" margin-top:0px; margin-bottom:0px; margin-left:0px; margin-right:0px; -qt-block-indent:0; text-indent:0px; line-height:138%;""><span style="" font-family:'Arial'; font-size:11pt; color:#000000; background-color:transparent;"">La première perte est active, l’eau s’infiltre sous une barre rocheuse entre blocs et galets. Quelques litres/secondes en octobre 22.  </span></p>
<p style=""-qt-paragraph-type:empty; margin-top:0px; margin-bottom:0px; margin-left:0px; margin-right:0px; -qt-block-indent:0; text-indent:0px;""><br /></p>
<p style="" margin-top:0px; margin-bottom:0px; margin-left:0px; margin-right:0px; -qt-block-indent:0; text-indent:0px; line-height:138%;""><span style="" font-family:'Arial'; font-size:11pt; color:#000000; background-color:transparent;"">La deuxième perte n’est plus active, elle se situe à 10m de la première perte. On peut avancer de 2m puis le passage est bouché par les blocs effondrés. On entend le ruisseau couler plus loin.</span></p></body></html>",CV4,Pertes de la douche,"2513",,"<!DOCTYPE HTML PUBLIC ""-//W3C//DTD HTML 4.0//EN"" ""http://www.w3.org/TR/REC-html40/strict.dtd"">
<html><head><meta name=""qrichtext"" content=""1"" /><style type=""text/css"">
p, li { white-space: pre-wrap; }
</style></head><body style="" font-family:'.AppleSystemUIFont'; font-size:13pt; font-weight:400; font-style:normal;"">
<p style="" margin-top:0px; margin-bottom:0px; margin-left:0px; margin-right:0px; -qt-block-indent:0; text-indent:0px;"">NULL</p></body></html>",,"Non, arrêt sur blocs ou remplissage",Col de la Vanoise (CV),"0","0",,,,,6.78832222,45.38816944,326867.483149314,5028451.95244357
"51",,"<!DOCTYPE HTML PUBLIC ""-//W3C//DTD HTML 4.0//EN"" ""http://www.w3.org/TR/REC-html40/strict.dtd"">
<html><head><meta name=""qrichtext"" content=""1"" /><style type=""text/css"">
p, li { white-space: pre-wrap; }
</style></head><body style="" font-family:'.AppleSystemUIFont'; font-size:13pt; font-weight:400; font-style:normal;"">
<p style="" margin-top:0px; margin-bottom:0px; margin-left:0px; margin-right:0px; -qt-block-indent:0; text-indent:0px;""><a name=""docs-internal-guid-e8cbc629-7fff-5ef3-4338-948188ec1474""></a><span style="" font-family:'Arial'; font-size:11pt; color:#000000; background-color:transparent;"">P</span><span style="" font-family:'Arial'; font-size:11pt; color:#000000; background-color:transparent;"">erte active à la fonte des neiges ? Elle se situe à 50m à l’ouest des pertes de la douche, dans un affleurement de marbres jurassiques. L’entrée est une fissure de 30cm de large et 2m de long, on peut y descendre de 3/4m. La suite est dans le prolongement de la fissure qui mesure seulement 10cm de large… On entend le ruisseau couler au fond. </span></p></body></html>",CV5,Pertes de la douche - aval,"2505",,"<!DOCTYPE HTML PUBLIC ""-//W3C//DTD HTML 4.0//EN"" ""http://www.w3.org/TR/REC-html40/strict.dtd"">
<html><head><meta name=""qrichtext"" content=""1"" /><style type=""text/css"">
p, li { white-space: pre-wrap; }
</style></head><body style="" font-family:'.AppleSystemUIFont'; font-size:13pt; font-weight:400; font-style:normal;"">
<p style="" margin-top:0px; margin-bottom:0px; margin-left:0px; margin-right:0px; -qt-block-indent:0; text-indent:0px;"">NULL</p></body></html>",,"Non, arrêt sur étroiture impénétrable et indésobstruable",Col de la Vanoise (CV),"-5","5",Non été,,,,6.78782778,45.38839722,326829.473960496,5028478.32165079
"52",,"<!DOCTYPE HTML PUBLIC ""-//W3C//DTD HTML 4.0//EN"" ""http://www.w3.org/TR/REC-html40/strict.dtd"">
<html><head><meta name=""qrichtext"" content=""1"" /><style type=""text/css"">
p, li { white-space: pre-wrap; }
</style></head><body style="" font-family:'.AppleSystemUIFont'; font-size:13pt; font-weight:400; font-style:normal;"">
<p style="" margin-top:0px; margin-bottom:0px; margin-left:0px; margin-right:0px; -qt-block-indent:0; text-indent:0px;"">NULL</p></body></html>",M8,Grotte glacée 1,"2892",,"<!DOCTYPE HTML PUBLIC ""-//W3C//DTD HTML 4.0//EN"" ""http://www.w3.org/TR/REC-html40/strict.dtd"">
<html><head><meta name=""qrichtext"" content=""1"" /><style type=""text/css"">
p, li { white-space: pre-wrap; }
</style></head><body style="" font-family:'.AppleSystemUIFont'; font-size:13pt; font-weight:400; font-style:normal;"">
<p style="" margin-top:0px; margin-bottom:0px; margin-left:0px; margin-right:0px; -qt-block-indent:0; text-indent:0px;"">NULL</p></body></html>",,,Moulin (M),,,,,,,6.78276452670276,45.3759461762478,326395,5027106
"53",,"<!DOCTYPE HTML PUBLIC ""-//W3C//DTD HTML 4.0//EN"" ""http://www.w3.org/TR/REC-html40/strict.dtd"">
<html><head><meta name=""qrichtext"" content=""1"" /><style type=""text/css"">
p, li { white-space: pre-wrap; }
</style></head><body style="" font-family:'.AppleSystemUIFont'; font-size:13pt; font-weight:400; font-style:normal;"">
<p style="" margin-top:0px; margin-bottom:0px; margin-left:0px; margin-right:0px; -qt-block-indent:0; text-indent:0px;""><a name=""docs-internal-guid-89738acc-7fff-3d6e-300a-3f7e395dc57f""></a><span style="" font-family:'Arial'; font-size:11pt; color:#000000; background-color:transparent;"">B</span><span style="" font-family:'Arial'; font-size:11pt; color:#000000; background-color:transparent;"">elle entrée descendante dans la rimaye du glacier, beau volume de 5x5 dans la salle au fond. Les continuations possibles sont impénétrables. </span></p></body></html>",M9,Grotte glacée de la rimaye,"2850",,"<!DOCTYPE HTML PUBLIC ""-//W3C//DTD HTML 4.0//EN"" ""http://www.w3.org/TR/REC-html40/strict.dtd"">
<html><head><meta name=""qrichtext"" content=""1"" /><style type=""text/css"">
p, li { white-space: pre-wrap; }
</style></head><body style="" font-family:'.AppleSystemUIFont'; font-size:13pt; font-weight:400; font-style:normal;"">
<p style="" margin-top:0px; margin-bottom:0px; margin-left:0px; margin-right:0px; -qt-block-indent:0; text-indent:0px;"">NULL</p></body></html>",,,Moulin (M),,,,,,,6.77976437874024,45.3759148738074,326160,5027109
"54",,"<!DOCTYPE HTML PUBLIC ""-//W3C//DTD HTML 4.0//EN"" ""http://www.w3.org/TR/REC-html40/strict.dtd"">
<html><head><meta name=""qrichtext"" content=""1"" /><style type=""text/css"">
p, li { white-space: pre-wrap; }
</style></head><body style="" font-family:'.AppleSystemUIFont'; font-size:13pt; font-weight:400; font-style:normal;"">
<p style="" margin-top:0px; margin-bottom:0px; margin-left:0px; margin-right:0px; -qt-block-indent:0; text-indent:0px;"">NULL</p></body></html>",F1,Source de la mousse,,,"<!DOCTYPE HTML PUBLIC ""-//W3C//DTD HTML 4.0//EN"" ""http://www.w3.org/TR/REC-html40/strict.dtd"">
<html><head><meta name=""qrichtext"" content=""1"" /><style type=""text/css"">
p, li { white-space: pre-wrap; }
</style></head><body style="" font-family:'.AppleSystemUIFont'; font-size:13pt; font-weight:400; font-style:normal;"">
<p style="" margin-top:0px; margin-bottom:0px; margin-left:0px; margin-right:0px; -qt-block-indent:0; text-indent:0px;"">NULL</p></body></html>",,,,,,,,,,6.73006388888889,45.3777222222222,322274.23995532,5027418.36701871
"55",,"<!DOCTYPE HTML PUBLIC ""-//W3C//DTD HTML 4.0//EN"" ""http://www.w3.org/TR/REC-html40/strict.dtd"">
<html><head><meta name=""qrichtext"" content=""1"" /><style type=""text/css"">
p, li { white-space: pre-wrap; }
</style></head><body style="" font-family:'.AppleSystemUIFont'; font-size:13pt; font-weight:400; font-style:normal;"">
<p style="" margin-top:0px; margin-bottom:0px; margin-left:0px; margin-right:0px; -qt-block-indent:0; text-indent:0px;"">NULL</p></body></html>",F2,Source du Creuset,,,"<!DOCTYPE HTML PUBLIC ""-//W3C//DTD HTML 4.0//EN"" ""http://www.w3.org/TR/REC-html40/strict.dtd"">
<html><head><meta name=""qrichtext"" content=""1"" /><style type=""text/css"">
p, li { white-space: pre-wrap; }
</style></head><body style="" font-family:'.AppleSystemUIFont'; font-size:13pt; font-weight:400; font-style:normal;"">
<p style="" margin-top:0px; margin-bottom:0px; margin-left:0px; margin-right:0px; -qt-block-indent:0; text-indent:0px;"">NULL</p></body></html>",,,,,,,,,,,,,
"56","62",,F3,Source Nov,,,,,,,,,,,,,6.74507,45.381576,323461.142754539,5027813.45965192
"57","63",,F4,Source du Creuset,,,,,,,,,,,,,6.742229,45.379975,323233.730445262,5027641.83657293
"58",,"<!DOCTYPE HTML PUBLIC ""-//W3C//DTD HTML 4.0//EN"" ""http://www.w3.org/TR/REC-html40/strict.dtd"">
<html><head><meta name=""qrichtext"" content=""1"" /><style type=""text/css"">
p, li { white-space: pre-wrap; }
</style></head><body style="" font-family:'Helvetica'; font-size:16pt; font-weight:400; font-style:normal;"">
<p style=""-qt-paragraph-type:empty; margin-top:0px; margin-bottom:0px; margin-left:0px; margin-right:0px; -qt-block-indent:0; text-indent:0px;""><br /></p></body></html>",Pm12 2023,,,,"<!DOCTYPE HTML PUBLIC ""-//W3C//DTD HTML 4.0//EN"" ""http://www.w3.org/TR/REC-html40/strict.dtd"">
<html><head><meta name=""qrichtext"" content=""1"" /><style type=""text/css"">
p, li { white-space: pre-wrap; }
</style></head><body style="" font-family:'Helvetica'; font-size:16pt; font-weight:400; font-style:normal;"">
<p style=""-qt-paragraph-type:empty; margin-top:0px; margin-bottom:0px; margin-left:0px; margin-right:0px; -qt-block-indent:0; text-indent:0px;""><br /></p></body></html>",,,Moulin (M),,,,,,,6.78881666666667,45.37445,326864.299620931,5026926.74402357
"59",,"<!DOCTYPE HTML PUBLIC ""-//W3C//DTD HTML 4.0//EN"" ""http://www.w3.org/TR/REC-html40/strict.dtd"">
<html><head><meta name=""qrichtext"" content=""1"" /><style type=""text/css"">
p, li { white-space: pre-wrap; }
</style></head><body style="" font-family:'Helvetica'; font-size:16pt; font-weight:400; font-style:normal;"">
<p style=""-qt-paragraph-type:empty; margin-top:0px; margin-bottom:0px; margin-left:0px; margin-right:0px; -qt-block-indent:0; text-indent:0px;""><br /></p></body></html>",Pm puits des'arches,,,DCIM/JPEG_20231001122035484.JPG,"<!DOCTYPE HTML PUBLIC ""-//W3C//DTD HTML 4.0//EN"" ""http://www.w3.org/TR/REC-html40/strict.dtd"">
<html><head><meta name=""qrichtext"" content=""1"" /><style type=""text/css"">
p, li { white-space: pre-wrap; }
</style></head><body style="" font-family:'Helvetica'; font-size:16pt; font-weight:400; font-style:normal;"">
<p style=""-qt-paragraph-type:empty; margin-top:0px; margin-bottom:0px; margin-left:0px; margin-right:0px; -qt-block-indent:0; text-indent:0px;""><br /></p></body></html>",,,Moulin (M),,,,,,,6.78910333333333,45.374125,326885.753432564,5026890.02180159
"60",,"<!DOCTYPE HTML PUBLIC ""-//W3C//DTD HTML 4.0//EN"" ""http://www.w3.org/TR/REC-html40/strict.dtd"">
<html><head><meta name=""qrichtext"" content=""1"" /><style type=""text/css"">
p, li { white-space: pre-wrap; }
</style></head><body style="" font-family:'Helvetica'; font-size:16pt; font-weight:400; font-style:normal;"">
<p style=""-qt-paragraph-type:empty; margin-top:0px; margin-bottom:0px; margin-left:0px; margin-right:0px; -qt-block-indent:0; text-indent:0px;""><br /></p></body></html>",,Décollement ,"2982",DCIM/JPEG_20231001124158766.JPG,"<!DOCTYPE HTML PUBLIC ""-//W3C//DTD HTML 4.0//EN"" ""http://www.w3.org/TR/REC-html40/strict.dtd"">
<html><head><meta name=""qrichtext"" content=""1"" /><style type=""text/css"">
p, li { white-space: pre-wrap; }
</style></head><body style="" font-family:'Helvetica'; font-size:16pt; font-weight:400; font-style:normal;"">
<p style=""-qt-paragraph-type:empty; margin-top:0px; margin-bottom:0px; margin-left:0px; margin-right:0px; -qt-block-indent:0; text-indent:0px;""><br /></p></body></html>",,,,,,,,,,6.7904917078525,45.3743672220758,326995.202086003,5026913.9450905
"61",,"<!DOCTYPE HTML PUBLIC ""-//W3C//DTD HTML 4.0//EN"" ""http://www.w3.org/TR/REC-html40/strict.dtd"">
<html><head><meta name=""qrichtext"" content=""1"" /><style type=""text/css"">
p, li { white-space: pre-wrap; }
</style></head><body style="" font-family:'Helvetica'; font-size:16pt; font-weight:400; font-style:normal;"">
<p style="" margin-top:0px; margin-bottom:0px; margin-left:0px; margin-right:0px; -qt-block-indent:0; text-indent:0px;"">Penetrable facilement sur 30m 2023</p></body></html>",,Pm10a?,,DCIM/JPEG_20231001130015876.JPG,"<!DOCTYPE HTML PUBLIC ""-//W3C//DTD HTML 4.0//EN"" ""http://www.w3.org/TR/REC-html40/strict.dtd"">
<html><head><meta name=""qrichtext"" content=""1"" /><style type=""text/css"">
p, li { white-space: pre-wrap; }
</style></head><body style="" font-family:'Helvetica'; font-size:16pt; font-weight:400; font-style:normal;"">
<p style=""-qt-paragraph-type:empty; margin-top:0px; margin-bottom:0px; margin-left:0px; margin-right:0px; -qt-block-indent:0; text-indent:0px;""><br /></p></body></html>",,,Moulin (M),,,,,,,6.79103662337789,45.3740360290552,327036.858714466,5026875.980181
"62",,"<!DOCTYPE HTML PUBLIC ""-//W3C//DTD HTML 4.0//EN"" ""http://www.w3.org/TR/REC-html40/strict.dtd"">
<html><head><meta name=""qrichtext"" content=""1"" /><style type=""text/css"">
p, li { white-space: pre-wrap; }
</style></head><body style="" font-family:'Helvetica'; font-size:16pt; font-weight:400; font-style:normal;"">
<p style=""-qt-paragraph-type:empty; margin-top:0px; margin-bottom:0px; margin-left:0px; margin-right:0px; -qt-block-indent:0; text-indent:0px;""><br /></p></body></html>",,Perte imp.,,DCIM/JPEG_20231001130643312.JPG,"<!DOCTYPE HTML PUBLIC ""-//W3C//DTD HTML 4.0//EN"" ""http://www.w3.org/TR/REC-html40/strict.dtd"">
<html><head><meta name=""qrichtext"" content=""1"" /><style type=""text/css"">
p, li { white-space: pre-wrap; }
</style></head><body style="" font-family:'Helvetica'; font-size:16pt; font-weight:400; font-style:normal;"">
<p style=""-qt-paragraph-type:empty; margin-top:0px; margin-bottom:0px; margin-left:0px; margin-right:0px; -qt-block-indent:0; text-indent:0px;""><br /></p></body></html>",,,,,,,,,,6.79146966723036,45.373611987503,327069.473116544,5026827.94109965
"63",,"<!DOCTYPE HTML PUBLIC ""-//W3C//DTD HTML 4.0//EN"" ""http://www.w3.org/TR/REC-html40/strict.dtd"">
<html><head><meta name=""qrichtext"" content=""1"" /><style type=""text/css"">
p, li { white-space: pre-wrap; }
</style></head><body style="" font-family:'Helvetica'; font-size:16pt; font-weight:400; font-style:normal;"">
<p style="" margin-top:0px; margin-bottom:0px; margin-left:0px; margin-right:0px; -qt-block-indent:0; text-indent:0px;"">4 entrée /actif</p>
<p style="" margin-top:0px; margin-bottom:0px; margin-left:0px; margin-right:0px; -qt-block-indent:0; text-indent:0px;"">A descendre</p></body></html>",,Quadruple moulin,,DCIM/JPEG_20231001130921599.JPG,"<!DOCTYPE HTML PUBLIC ""-//W3C//DTD HTML 4.0//EN"" ""http://www.w3.org/TR/REC-html40/strict.dtd"">
<html><head><meta name=""qrichtext"" content=""1"" /><style type=""text/css"">
p, li { white-space: pre-wrap; }
</style></head><body style="" font-family:'Helvetica'; font-size:16pt; font-weight:400; font-style:normal;"">
<p style=""-qt-paragraph-type:empty; margin-top:0px; margin-bottom:0px; margin-left:0px; margin-right:0px; -qt-block-indent:0; text-indent:0px;""><br /></p></body></html>",,,Moulin (M),,,,,,,6.79081975711014,45.3730854593568,327016.978736517,5026770.8441106
"64",,"<!DOCTYPE HTML PUBLIC ""-//W3C//DTD HTML 4.0//EN"" ""http://www.w3.org/TR/REC-html40/strict.dtd"">
<html><head><meta name=""qrichtext"" content=""1"" /><style type=""text/css"">
p, li { white-space: pre-wrap; }
</style></head><body style="" font-family:'Helvetica'; font-size:16pt; font-weight:400; font-style:normal;"">
<p style="" margin-top:0px; margin-bottom:0px; margin-left:0px; margin-right:0px; -qt-block-indent:0; text-indent:0px;"">Entrée enneigé </p></body></html>",PM9,Pm9 2023,,DCIM/JPEG_20231001131220802.JPG,"<!DOCTYPE HTML PUBLIC ""-//W3C//DTD HTML 4.0//EN"" ""http://www.w3.org/TR/REC-html40/strict.dtd"">
<html><head><meta name=""qrichtext"" content=""1"" /><style type=""text/css"">
p, li { white-space: pre-wrap; }
</style></head><body style="" font-family:'Helvetica'; font-size:16pt; font-weight:400; font-style:normal;"">
<p style=""-qt-paragraph-type:empty; margin-top:0px; margin-bottom:0px; margin-left:0px; margin-right:0px; -qt-block-indent:0; text-indent:0px;""><br /></p></body></html>",,,Moulin (M),,,,,,,6.79045743778688,45.3734041677821,326989.580852556,5026807.02955318
"65",,"<!DOCTYPE HTML PUBLIC ""-//W3C//DTD HTML 4.0//EN"" ""http://www.w3.org/TR/REC-html40/strict.dtd"">
<html><head><meta name=""qrichtext"" content=""1"" /><style type=""text/css"">
p, li { white-space: pre-wrap; }
</style></head><body style="" font-family:'Helvetica'; font-size:16pt; font-weight:400; font-style:normal;"">
<p style="" margin-top:0px; margin-bottom:0px; margin-left:0px; margin-right:0px; -qt-block-indent:0; text-indent:0px;"">Beau puits actif a descendre </p></body></html>",PM5,PM5,,DCIM/JPEG_20231001134735895.JPG,"<!DOCTYPE HTML PUBLIC ""-//W3C//DTD HTML 4.0//EN"" ""http://www.w3.org/TR/REC-html40/strict.dtd"">
<html><head><meta name=""qrichtext"" content=""1"" /><style type=""text/css"">
p, li { white-space: pre-wrap; }
</style></head><body style="" font-family:'Helvetica'; font-size:16pt; font-weight:400; font-style:normal;"">
<p style=""-qt-paragraph-type:empty; margin-top:0px; margin-bottom:0px; margin-left:0px; margin-right:0px; -qt-block-indent:0; text-indent:0px;""><br /></p></body></html>",,,Moulin (M),,,,,,,6.789555,45.3704333333333,326909.852828838,5026478.92953291
"66",,"<!DOCTYPE HTML PUBLIC ""-//W3C//DTD HTML 4.0//EN"" ""http://www.w3.org/TR/REC-html40/strict.dtd"">
<html><head><meta name=""qrichtext"" content=""1"" /><style type=""text/css"">
p, li { white-space: pre-wrap; }
</style></head><body style="" font-family:'Helvetica'; font-size:16pt; font-weight:400; font-style:normal;"">
<p style="" margin-top:0px; margin-bottom:0px; margin-left:0px; margin-right:0px; -qt-block-indent:0; text-indent:0px;"">Très actif grand puits</p></body></html>",PM3,Pm3,,DCIM/JPEG_20231001135234277.JPG,"<!DOCTYPE HTML PUBLIC ""-//W3C//DTD HTML 4.0//EN"" ""http://www.w3.org/TR/REC-html40/strict.dtd"">
<html><head><meta name=""qrichtext"" content=""1"" /><style type=""text/css"">
p, li { white-space: pre-wrap; }
</style></head><body style="" font-family:'Helvetica'; font-size:16pt; font-weight:400; font-style:normal;"">
<p style=""-qt-paragraph-type:empty; margin-top:0px; margin-bottom:0px; margin-left:0px; margin-right:0px; -qt-block-indent:0; text-indent:0px;""><br /></p></body></html>",,,Moulin (M),,,,,,,6.79081333333333,45.3693833333333,327005.184361552,5026359.57537245
"67",,"<!DOCTYPE HTML PUBLIC ""-//W3C//DTD HTML 4.0//EN"" ""http://www.w3.org/TR/REC-html40/strict.dtd"">
<html><head><meta name=""qrichtext"" content=""1"" /><style type=""text/css"">
p, li { white-space: pre-wrap; }
</style></head><body style="" font-family:'Helvetica'; font-size:16pt; font-weight:400; font-style:normal;"">
<p style="" margin-top:0px; margin-bottom:0px; margin-left:0px; margin-right:0px; -qt-block-indent:0; text-indent:0px;"">Grand puits pas trop actif </p></body></html>",PM2,Pm2,,DCIM/JPEG_20231001135447333.JPG,"<!DOCTYPE HTML PUBLIC ""-//W3C//DTD HTML 4.0//EN"" ""http://www.w3.org/TR/REC-html40/strict.dtd"">
<html><head><meta name=""qrichtext"" content=""1"" /><style type=""text/css"">
p, li { white-space: pre-wrap; }
</style></head><body style="" font-family:'Helvetica'; font-size:16pt; font-weight:400; font-style:normal;"">
<p style=""-qt-paragraph-type:empty; margin-top:0px; margin-bottom:0px; margin-left:0px; margin-right:0px; -qt-block-indent:0; text-indent:0px;""><br /></p></body></html>",,,Moulin (M),"-60",,,,,,6.790525,45.369185,326982.000999817,5026338.16170249
"68",,"<!DOCTYPE HTML PUBLIC ""-//W3C//DTD HTML 4.0//EN"" ""http://www.w3.org/TR/REC-html40/strict.dtd"">
<html><head><meta name=""qrichtext"" content=""1"" /><style type=""text/css"">
p, li { white-space: pre-wrap; }
</style></head><body style="" font-family:'Helvetica'; font-size:16pt; font-weight:400; font-style:normal;"">
<p style="" margin-top:0px; margin-bottom:0px; margin-left:0px; margin-right:0px; -qt-block-indent:0; text-indent:0px;"">Puits très actif</p></body></html>",PM3b,Pm3b,,DCIM/JPEG_20231001135707361.JPG,"<!DOCTYPE HTML PUBLIC ""-//W3C//DTD HTML 4.0//EN"" ""http://www.w3.org/TR/REC-html40/strict.dtd"">
<html><head><meta name=""qrichtext"" content=""1"" /><style type=""text/css"">
p, li { white-space: pre-wrap; }
</style></head><body style="" font-family:'Helvetica'; font-size:16pt; font-weight:400; font-style:normal;"">
<p style=""-qt-paragraph-type:empty; margin-top:0px; margin-bottom:0px; margin-left:0px; margin-right:0px; -qt-block-indent:0; text-indent:0px;""><br /></p></body></html>",,,Moulin (M),,,,,,,6.79092333333333,45.36949,327014.123387402,5026371.18888606
"69",,,,,,,"<!DOCTYPE HTML PUBLIC ""-//W3C//DTD HTML 4.0//EN"" ""http://www.w3.org/TR/REC-html40/strict.dtd"">
<html><head><meta name=""qrichtext"" content=""1"" /><style type=""text/css"">
p, li { white-space: pre-wrap; }
</style></head><body style="" font-family:'Helvetica'; font-size:16pt; font-weight:400; font-style:normal;"">
<p style=""-qt-paragraph-type:empty; margin-top:0px; margin-bottom:0px; margin-left:0px; margin-right:0px; -qt-block-indent:0; text-indent:0px;""><br /></p></body></html>",,,,,,,,,,6.789465,45.367345,326893.380665651,5026136.02914882
"70",,"<!DOCTYPE HTML PUBLIC ""-//W3C//DTD HTML 4.0//EN"" ""http://www.w3.org/TR/REC-html40/strict.dtd"">
<html><head><meta name=""qrichtext"" content=""1"" /><style type=""text/css"">
p, li { white-space: pre-wrap; }
</style></head><body style="" font-family:'Helvetica'; font-size:16pt; font-weight:400; font-style:normal;"">
<p style="" margin-top:0px; margin-bottom:0px; margin-left:0px; margin-right:0px; -qt-block-indent:0; text-indent:0px;"">Beau moulin très actif </p></body></html>",PM14,Pm14,,DCIM/JPEG_20231001140450755.JPG,"<!DOCTYPE HTML PUBLIC ""-//W3C//DTD HTML 4.0//EN"" ""http://www.w3.org/TR/REC-html40/strict.dtd"">
<html><head><meta name=""qrichtext"" content=""1"" /><style type=""text/css"">
p, li { white-space: pre-wrap; }
</style></head><body style="" font-family:'Helvetica'; font-size:16pt; font-weight:400; font-style:normal;"">
<p style=""-qt-paragraph-type:empty; margin-top:0px; margin-bottom:0px; margin-left:0px; margin-right:0px; -qt-block-indent:0; text-indent:0px;""><br /></p></body></html>",,,Moulin (M),"-40",,,,,,6.789465,45.367345,326893.380665651,5026136.02914882
"71",,"<!DOCTYPE HTML PUBLIC ""-//W3C//DTD HTML 4.0//EN"" ""http://www.w3.org/TR/REC-html40/strict.dtd"">
<html><head><meta name=""qrichtext"" content=""1"" /><style type=""text/css"">
p, li { white-space: pre-wrap; }
</style></head><body style="" font-family:'Helvetica'; font-size:16pt; font-weight:400; font-style:normal;"">
<p style="" margin-top:0px; margin-bottom:0px; margin-left:0px; margin-right:0px; -qt-block-indent:0; text-indent:0px;"">Asseez actif</p></body></html>",PM14b,Pm14b,,DCIM/JPEG_20231001140627869.JPG,"<!DOCTYPE HTML PUBLIC ""-//W3C//DTD HTML 4.0//EN"" ""http://www.w3.org/TR/REC-html40/strict.dtd"">
<html><head><meta name=""qrichtext"" content=""1"" /><style type=""text/css"">
p, li { white-space: pre-wrap; }
</style></head><body style="" font-family:'Helvetica'; font-size:16pt; font-weight:400; font-style:normal;"">
<p style=""-qt-paragraph-type:empty; margin-top:0px; margin-bottom:0px; margin-left:0px; margin-right:0px; -qt-block-indent:0; text-indent:0px;""><br /></p></body></html>",,,Moulin (M),,,,,,,6.78933,45.3673533333333,326882.834331495,5026137.2453332
"72",,"<!DOCTYPE HTML PUBLIC ""-//W3C//DTD HTML 4.0//EN"" ""http://www.w3.org/TR/REC-html40/strict.dtd"">
<html><head><meta name=""qrichtext"" content=""1"" /><style type=""text/css"">
p, li { white-space: pre-wrap; }
</style></head><body style="" font-family:'Helvetica'; font-size:16pt; font-weight:400; font-style:normal;"">
<p style="" margin-top:0px; margin-bottom:0px; margin-left:0px; margin-right:0px; -qt-block-indent:0; text-indent:0px;"">Echo!!!</p></body></html>",PM15,Pm15,,DCIM/JPEG_20231001140901920.JPG,"<!DOCTYPE HTML PUBLIC ""-//W3C//DTD HTML 4.0//EN"" ""http://www.w3.org/TR/REC-html40/strict.dtd"">
<html><head><meta name=""qrichtext"" content=""1"" /><style type=""text/css"">
p, li { white-space: pre-wrap; }
</style></head><body style="" font-family:'Helvetica'; font-size:16pt; font-weight:400; font-style:normal;"">
<p style=""-qt-paragraph-type:empty; margin-top:0px; margin-bottom:0px; margin-left:0px; margin-right:0px; -qt-block-indent:0; text-indent:0px;""><br /></p></body></html>",,,Moulin (M),,,,,,,6.788995,45.367495,326857.03310078,5026153.70429644
"73",,,PM15b,Pm15b,,DCIM/JPEG_20231001140957529.JPG,"<!DOCTYPE HTML PUBLIC ""-//W3C//DTD HTML 4.0//EN"" ""http://www.w3.org/TR/REC-html40/strict.dtd"">
<html><head><meta name=""qrichtext"" content=""1"" /><style type=""text/css"">
p, li { white-space: pre-wrap; }
</style></head><body style="" font-family:'Helvetica'; font-size:16pt; font-weight:400; font-style:normal;"">
<p style=""-qt-paragraph-type:empty; margin-top:0px; margin-bottom:0px; margin-left:0px; margin-right:0px; -qt-block-indent:0; text-indent:0px;""><br /></p></body></html>",,,Moulin (M),,,,,,,6.78917666666667,45.3676233333333,326871.650945096,5026167.57045497
"74",,"<!DOCTYPE HTML PUBLIC ""-//W3C//DTD HTML 4.0//EN"" ""http://www.w3.org/TR/REC-html40/strict.dtd"">
<html><head><meta name=""qrichtext"" content=""1"" /><style type=""text/css"">
p, li { white-space: pre-wrap; }
</style></head><body style="" font-family:'Helvetica'; font-size:16pt; font-weight:400; font-style:normal;"">
<p style=""-qt-paragraph-type:empty; margin-top:0px; margin-bottom:0px; margin-left:0px; margin-right:0px; -qt-block-indent:0; text-indent:0px;""><br /></p></body></html>",PM16,Pm16,,DCIM/JPEG_20231001141157273.JPG,"<!DOCTYPE HTML PUBLIC ""-//W3C//DTD HTML 4.0//EN"" ""http://www.w3.org/TR/REC-html40/strict.dtd"">
<html><head><meta name=""qrichtext"" content=""1"" /><style type=""text/css"">
p, li { white-space: pre-wrap; }
</style></head><body style="" font-family:'Helvetica'; font-size:16pt; font-weight:400; font-style:normal;"">
<p style=""-qt-paragraph-type:empty; margin-top:0px; margin-bottom:0px; margin-left:0px; margin-right:0px; -qt-block-indent:0; text-indent:0px;""><br /></p></body></html>",,,Moulin (M),,,,,,,6.78858166666667,45.3680833333333,326826.461418182,5026219.95372186
"75",,"<!DOCTYPE HTML PUBLIC ""-//W3C//DTD HTML 4.0//EN"" ""http://www.w3.org/TR/REC-html40/strict.dtd"">
<html><head><meta name=""qrichtext"" content=""1"" /><style type=""text/css"">
p, li { white-space: pre-wrap; }
</style></head><body style="" font-family:'Helvetica'; font-size:16pt; font-weight:400; font-style:normal;"">
<p style="" margin-top:0px; margin-bottom:0px; margin-left:0px; margin-right:0px; -qt-block-indent:0; text-indent:0px;"">Très actif</p></body></html>",PM17,Pm17,,DCIM/JPEG_20231001141313426.JPG,"<!DOCTYPE HTML PUBLIC ""-//W3C//DTD HTML 4.0//EN"" ""http://www.w3.org/TR/REC-html40/strict.dtd"">
<html><head><meta name=""qrichtext"" content=""1"" /><style type=""text/css"">
p, li { white-space: pre-wrap; }
</style></head><body style="" font-family:'Helvetica'; font-size:16pt; font-weight:400; font-style:normal;"">
<p style=""-qt-paragraph-type:empty; margin-top:0px; margin-bottom:0px; margin-left:0px; margin-right:0px; -qt-block-indent:0; text-indent:0px;""><br /></p></body></html>",,,Moulin (M),,,,,,,6.78865166666667,45.368305,326832.619706902,5026244.42882714
"77",,"<!DOCTYPE HTML PUBLIC ""-//W3C//DTD HTML 4.0//EN"" ""http://www.w3.org/TR/REC-html40/strict.dtd"">
<html><head><meta name=""qrichtext"" content=""1"" /><style type=""text/css"">
p, li { white-space: pre-wrap; }
</style></head><body style="" font-family:'Helvetica'; font-size:16pt; font-weight:400; font-style:normal;"">
<p style=""-qt-paragraph-type:empty; margin-top:0px; margin-bottom:0px; margin-left:0px; margin-right:0px; -qt-block-indent:0; text-indent:0px;""><br /></p></body></html>",,Résurgence ,,,"<!DOCTYPE HTML PUBLIC ""-//W3C//DTD HTML 4.0//EN"" ""http://www.w3.org/TR/REC-html40/strict.dtd"">
<html><head><meta name=""qrichtext"" content=""1"" /><style type=""text/css"">
p, li { white-space: pre-wrap; }
</style></head><body style="" font-family:'Helvetica'; font-size:16pt; font-weight:400; font-style:normal;"">
<p style=""-qt-paragraph-type:empty; margin-top:0px; margin-bottom:0px; margin-left:0px; margin-right:0px; -qt-block-indent:0; text-indent:0px;""><br /></p></body></html>",,,,,,,,,,6.79282723094211,45.3842804678667,327208.284571939,5028010.22582074
"78",,"<!DOCTYPE HTML PUBLIC ""-//W3C//DTD HTML 4.0//EN"" ""http://www.w3.org/TR/REC-html40/strict.dtd"">
<html><head><meta name=""qrichtext"" content=""1"" /><style type=""text/css"">
p, li { white-space: pre-wrap; }
</style></head><body style="" font-family:'Helvetica'; font-size:16pt; font-weight:400; font-style:normal;"">
<p style="" margin-top:0px; margin-bottom:0px; margin-left:0px; margin-right:0px; -qt-block-indent:0; text-indent:0px;"">Voir Flo pour le nom</p>
<p style=""-qt-paragraph-type:empty; margin-top:0px; margin-bottom:0px; margin-left:0px; margin-right:0px; -qt-block-indent:0; text-indent:0px;""><br /></p>
<p style="" margin-top:0px; margin-bottom:0px; margin-left:0px; margin-right:0px; -qt-block-indent:0; text-indent:0px;"">Perte dans faille</p></body></html>",,Gouffre du rire nocturne ,,DCIM/JPEG_20231002081837093.JPG,"<!DOCTYPE HTML PUBLIC ""-//W3C//DTD HTML 4.0//EN"" ""http://www.w3.org/TR/REC-html40/strict.dtd"">
<html><head><meta name=""qrichtext"" content=""1"" /><style type=""text/css"">
p, li { white-space: pre-wrap; }
</style></head><body style="" font-family:'Helvetica'; font-size:16pt; font-weight:400; font-style:normal;"">
<p style=""-qt-paragraph-type:empty; margin-top:0px; margin-bottom:0px; margin-left:0px; margin-right:0px; -qt-block-indent:0; text-indent:0px;""><br /></p></body></html>",,,Réchasse (R),,,,,,,6.79138166666667,45.3832833333333,327092.076052159,5027902.55612347
"79",,"<!DOCTYPE HTML PUBLIC ""-//W3C//DTD HTML 4.0//EN"" ""http://www.w3.org/TR/REC-html40/strict.dtd"">
<html><head><meta name=""qrichtext"" content=""1"" /><style type=""text/css"">
p, li { white-space: pre-wrap; }
</style></head><body style="" font-family:'Helvetica'; font-size:16pt; font-weight:400; font-style:normal;"">
<p style=""-qt-paragraph-type:empty; margin-top:0px; margin-bottom:0px; margin-left:0px; margin-right:0px; -qt-block-indent:0; text-indent:0px;""><br /></p></body></html>",,Perte sous glaciaire ,,DCIM/JPEG_20231002095707762.JPG,"<!DOCTYPE HTML PUBLIC ""-//W3C//DTD HTML 4.0//EN"" ""http://www.w3.org/TR/REC-html40/strict.dtd"">
<html><head><meta name=""qrichtext"" content=""1"" /><style type=""text/css"">
p, li { white-space: pre-wrap; }
</style></head><body style="" font-family:'Helvetica'; font-size:16pt; font-weight:400; font-style:normal;"">
<p style=""-qt-paragraph-type:empty; margin-top:0px; margin-bottom:0px; margin-left:0px; margin-right:0px; -qt-block-indent:0; text-indent:0px;""><br /></p></body></html>",,,Moulin (M),,,,,,,6.7800814026058,45.3763716442296,326186.222216225,5027159.05942011
"80",,"<!DOCTYPE HTML PUBLIC ""-//W3C//DTD HTML 4.0//EN"" ""http://www.w3.org/TR/REC-html40/strict.dtd"">
<html><head><meta name=""qrichtext"" content=""1"" /><style type=""text/css"">
p, li { white-space: pre-wrap; }
</style></head><body style="" font-family:'Helvetica'; font-size:16pt; font-weight:400; font-style:normal;"">
<p style=""-qt-paragraph-type:empty; margin-top:0px; margin-bottom:0px; margin-left:0px; margin-right:0px; -qt-block-indent:0; text-indent:0px;""><br /></p></body></html>",,Entrée blue lagon ,,,"<!DOCTYPE HTML PUBLIC ""-//W3C//DTD HTML 4.0//EN"" ""http://www.w3.org/TR/REC-html40/strict.dtd"">
<html><head><meta name=""qrichtext"" content=""1"" /><style type=""text/css"">
p, li { white-space: pre-wrap; }
</style></head><body style="" font-family:'Helvetica'; font-size:16pt; font-weight:400; font-style:normal;"">
<p style=""-qt-paragraph-type:empty; margin-top:0px; margin-bottom:0px; margin-left:0px; margin-right:0px; -qt-block-indent:0; text-indent:0px;""><br /></p></body></html>",,,Moulin (M),,,,,,,6.777445,45.3746633333333,325974.557823083,5026974.97547039
"81",,"<!DOCTYPE HTML PUBLIC ""-//W3C//DTD HTML 4.0//EN"" ""http://www.w3.org/TR/REC-html40/strict.dtd"">
<html><head><meta name=""qrichtext"" content=""1"" /><style type=""text/css"">
p, li { white-space: pre-wrap; }
</style></head><body style="" font-family:'Helvetica'; font-size:16pt; font-weight:400; font-style:normal;"">
<p style=""-qt-paragraph-type:empty; margin-top:0px; margin-bottom:0px; margin-left:0px; margin-right:0px; -qt-block-indent:0; text-indent:0px;""><br /></p></body></html>",AR5,,,DCIM/JPEG_20231005093852311.JPG,"<!DOCTYPE HTML PUBLIC ""-//W3C//DTD HTML 4.0//EN"" ""http://www.w3.org/TR/REC-html40/strict.dtd"">
<html><head><meta name=""qrichtext"" content=""1"" /><style type=""text/css"">
p, li { white-space: pre-wrap; }
</style></head><body style="" font-family:'Helvetica'; font-size:16pt; font-weight:400; font-style:normal;"">
<p style=""-qt-paragraph-type:empty; margin-top:0px; margin-bottom:0px; margin-left:0px; margin-right:0px; -qt-block-indent:0; text-indent:0px;""><br /></p></body></html>",,,"Arcelin (AR)
",,,,,,,6.77686,45.373685,325925.749849692,5026867.55424703
"82",,"<!DOCTYPE HTML PUBLIC ""-//W3C//DTD HTML 4.0//EN"" ""http://www.w3.org/TR/REC-html40/strict.dtd"">
<html><head><meta name=""qrichtext"" content=""1"" /><style type=""text/css"">
p, li { white-space: pre-wrap; }
</style></head><body style="" font-family:'Helvetica'; font-size:16pt; font-weight:400; font-style:normal;"">
<p style=""-qt-paragraph-type:empty; margin-top:0px; margin-bottom:0px; margin-left:0px; margin-right:0px; -qt-block-indent:0; text-indent:0px;""><br /></p></body></html>",AR6,,,DCIM/JPEG_20231005094653873.JPG,"<!DOCTYPE HTML PUBLIC ""-//W3C//DTD HTML 4.0//EN"" ""http://www.w3.org/TR/REC-html40/strict.dtd"">
<html><head><meta name=""qrichtext"" content=""1"" /><style type=""text/css"">
p, li { white-space: pre-wrap; }
</style></head><body style="" font-family:'Helvetica'; font-size:16pt; font-weight:400; font-style:normal;"">
<p style=""-qt-paragraph-type:empty; margin-top:0px; margin-bottom:0px; margin-left:0px; margin-right:0px; -qt-block-indent:0; text-indent:0px;""><br /></p></body></html>",,,"Arcelin (AR)
",,,,,,,6.77663833333333,45.3740133333333,325909.401100252,5026904.50955994
"83",,"<!DOCTYPE HTML PUBLIC ""-//W3C//DTD HTML 4.0//EN"" ""http://www.w3.org/TR/REC-html40/strict.dtd"">
<html><head><meta name=""qrichtext"" content=""1"" /><style type=""text/css"">
p, li { white-space: pre-wrap; }
</style></head><body style="" font-family:'Helvetica'; font-size:16pt; font-weight:400; font-style:normal;"">
<p style="" margin-top:0px; margin-bottom:0px; margin-left:0px; margin-right:0px; -qt-block-indent:0; text-indent:0px;"">Faille étroite a descendre (10m?)</p></body></html>",ARxx,,,DCIM/JPEG_20231005121819815.JPG,"<!DOCTYPE HTML PUBLIC ""-//W3C//DTD HTML 4.0//EN"" ""http://www.w3.org/TR/REC-html40/strict.dtd"">
<html><head><meta name=""qrichtext"" content=""1"" /><style type=""text/css"">
p, li { white-space: pre-wrap; }
</style></head><body style="" font-family:'Helvetica'; font-size:16pt; font-weight:400; font-style:normal;"">
<p style=""-qt-paragraph-type:empty; margin-top:0px; margin-bottom:0px; margin-left:0px; margin-right:0px; -qt-block-indent:0; text-indent:0px;""><br /></p></body></html>",,,"Arcelin (AR)
",,,,,,,6.77421,45.3706216666667,325708.839718498,5026532.97379241
"84",,"<!DOCTYPE HTML PUBLIC ""-//W3C//DTD HTML 4.0//EN"" ""http://www.w3.org/TR/REC-html40/strict.dtd"">
<html><head><meta name=""qrichtext"" content=""1"" /><style type=""text/css"">
p, li { white-space: pre-wrap; }
</style></head><body style="" font-family:'Cantarell'; font-size:11pt; font-weight:400; font-style:normal;"">
<p style="" margin-top:0px; margin-bottom:0px; margin-left:0px; margin-right:0px; -qt-block-indent:0; text-indent:0px;"">NULL</p></body></html>",AR51,AR51,,,"<!DOCTYPE HTML PUBLIC ""-//W3C//DTD HTML 4.0//EN"" ""http://www.w3.org/TR/REC-html40/strict.dtd"">
<html><head><meta name=""qrichtext"" content=""1"" /><style type=""text/css"">
p, li { white-space: pre-wrap; }
</style></head><body style="" font-family:'Cantarell'; font-size:11pt; font-weight:400; font-style:normal;"">
<p style="" margin-top:0px; margin-bottom:0px; margin-left:0px; margin-right:0px; -qt-block-indent:0; text-indent:0px;"">NULL</p></body></html>",,,"Arcelin (AR)
",,,,,,,6.77428898532294,45.3700982632624,325713.416357443,5026474.65595949
"85",,"<!DOCTYPE HTML PUBLIC ""-//W3C//DTD HTML 4.0//EN"" ""http://www.w3.org/TR/REC-html40/strict.dtd"">
<html><head><meta name=""qrichtext"" content=""1"" /><style type=""text/css"">
p, li { white-space: pre-wrap; }
</style></head><body style="" font-family:'Cantarell'; font-size:11pt; font-weight:400; font-style:normal;"">
<p style="" margin-top:0px; margin-bottom:0px; margin-left:0px; margin-right:0px; -qt-block-indent:0; text-indent:0px;"">NULL</p></body></html>",M18,Oiseau mort,,,"<!DOCTYPE HTML PUBLIC ""-//W3C//DTD HTML 4.0//EN"" ""http://www.w3.org/TR/REC-html40/strict.dtd"">
<html><head><meta name=""qrichtext"" content=""1"" /><style type=""text/css"">
p, li { white-space: pre-wrap; }
</style></head><body style="" font-family:'Cantarell'; font-size:11pt; font-weight:400; font-style:normal;"">
<p style="" margin-top:0px; margin-bottom:0px; margin-left:0px; margin-right:0px; -qt-block-indent:0; text-indent:0px;"">NULL</p></body></html>",,,Moulin (M),,,,,,,6.78778719228963,45.3732886694228,326780.145186274,5026799.94321134
"87",,"<!DOCTYPE HTML PUBLIC ""-//W3C//DTD HTML 4.0//EN"" ""http://www.w3.org/TR/REC-html40/strict.dtd"">
<html><head><meta name=""qrichtext"" content=""1"" /><style type=""text/css"">
p, li { white-space: pre-wrap; }
</style></head><body style="" font-family:'Helvetica'; font-size:16pt; font-weight:400; font-style:normal;"">
<p style=""-qt-paragraph-type:empty; margin-top:0px; margin-bottom:0px; margin-left:0px; margin-right:0px; -qt-block-indent:0; text-indent:0px;""><br /></p></body></html>",AR1B ,,,DCIM/JPEG_20231006124420273.JPG,"<!DOCTYPE HTML PUBLIC ""-//W3C//DTD HTML 4.0//EN"" ""http://www.w3.org/TR/REC-html40/strict.dtd"">
<html><head><meta name=""qrichtext"" content=""1"" /><style type=""text/css"">
p, li { white-space: pre-wrap; }
</style></head><body style="" font-family:'Helvetica'; font-size:16pt; font-weight:400; font-style:normal;"">
<p style=""-qt-paragraph-type:empty; margin-top:0px; margin-bottom:0px; margin-left:0px; margin-right:0px; -qt-block-indent:0; text-indent:0px;""><br /></p></body></html>",,,"Arcelin (AR)
",,,,,,,6.77138833333333,45.37944,325515.023755708,5027518.75011585
"88",,"<!DOCTYPE HTML PUBLIC ""-//W3C//DTD HTML 4.0//EN"" ""http://www.w3.org/TR/REC-html40/strict.dtd"">
<html><head><meta name=""qrichtext"" content=""1"" /><style type=""text/css"">
p, li { white-space: pre-wrap; }
</style></head><body style="" font-family:'Helvetica'; font-size:16pt; font-weight:400; font-style:normal;"">
<p style=""-qt-paragraph-type:empty; margin-top:0px; margin-bottom:0px; margin-left:0px; margin-right:0px; -qt-block-indent:0; text-indent:0px;""><br /></p></body></html>",AR1C,,,DCIM/JPEG_20231006132442897.JPG,"<!DOCTYPE HTML PUBLIC ""-//W3C//DTD HTML 4.0//EN"" ""http://www.w3.org/TR/REC-html40/strict.dtd"">
<html><head><meta name=""qrichtext"" content=""1"" /><style type=""text/css"">
p, li { white-space: pre-wrap; }
</style></head><body style="" font-family:'Helvetica'; font-size:16pt; font-weight:400; font-style:normal;"">
<p style=""-qt-paragraph-type:empty; margin-top:0px; margin-bottom:0px; margin-left:0px; margin-right:0px; -qt-block-indent:0; text-indent:0px;""><br /></p></body></html>",,,"Arcelin (AR)
",,,,,,,6.77127810015318,45.3793052548763,325505.978642569,5027504.0198439
"89",,"<!DOCTYPE HTML PUBLIC ""-//W3C//DTD HTML 4.0//EN"" ""http://www.w3.org/TR/REC-html40/strict.dtd"">
<html><head><meta name=""qrichtext"" content=""1"" /><style type=""text/css"">
p, li { white-space: pre-wrap; }
</style></head><body style="" font-family:'Helvetica'; font-size:16pt; font-weight:400; font-style:normal;"">
<p style="" margin-top:0px; margin-bottom:0px; margin-left:0px; margin-right:0px; -qt-block-indent:0; text-indent:0px;"">Bouche Caillou -5 </p>
<p style="" margin-top:0px; margin-bottom:0px; margin-left:0px; margin-right:0px; -qt-block-indent:0; text-indent:0px;"">Non visite </p></body></html>",Gxx,,,,"<!DOCTYPE HTML PUBLIC ""-//W3C//DTD HTML 4.0//EN"" ""http://www.w3.org/TR/REC-html40/strict.dtd"">
<html><head><meta name=""qrichtext"" content=""1"" /><style type=""text/css"">
p, li { white-space: pre-wrap; }
</style></head><body style="" font-family:'Helvetica'; font-size:16pt; font-weight:400; font-style:normal;"">
<p style=""-qt-paragraph-type:empty; margin-top:0px; margin-bottom:0px; margin-left:0px; margin-right:0px; -qt-block-indent:0; text-indent:0px;""><br /></p></body></html>",,,"Génépy (G)
",,,,,,,6.78358333333333,45.3778783333333,326465.023416686,5027318.88414633
